fechaOrganizacion,responsabilidades,puntuacion,nodoInicio,nodoFin
2009-07-27,"Comunicacion;Contratacion;Programacion;Logistica;Planificacion",9,3519,4930
2016-10-10,"Planificacion;Contratacion;Programacion;Coordinacion;Logistica",3,3974,4938
2016-05-01,"Gestion de presupuesto;Coordinacion;Evaluacion;Promocion;Programacion",7,3017,4872
2016-01-05,"Contratacion;Evaluacion;Seguridad;Programacion;Coordinacion",4,4248,4876
2001-08-16,"Contratacion;Coordinacion;Comunicacion;Planificacion;Seguridad",3,4413,4938
2017-05-07,"Logistica;Contratacion;Planificacion;Programacion;Coordinacion",6,3696,4928
2014-08-13,"Evaluacion;Programacion;Contratacion;Promocion;Logistica",5,140,4912
2021-04-23,"Gestion de presupuesto;Coordinacion;Logistica;Comunicacion;Evaluacion",4,3395,4897
2024-03-18,"Planificacion;Seguridad;Comunicacion;Logistica;Gestion de presupuesto",1,996,4949
2000-12-28,"Planificacion;Seguridad;Contratacion;Logistica;Promocion",10,692,4858
2015-07-25,"Comunicacion;Contratacion;Planificacion;Seguridad;Logistica",3,1737,4897
2021-02-13,"Coordinacion;Gestion de presupuesto;Programacion;Contratacion;Logistica",7,3779,4859
2015-08-04,"Logistica;Programacion;Promocion;Coordinacion;Seguridad",5,3806,4942
2006-03-14,"Comunicacion;Programacion;Contratacion;Gestion de presupuesto;Seguridad",3,359,4893
2016-03-27,"Gestion de presupuesto;Evaluacion;Contratacion;Seguridad;Coordinacion",10,2148,4948
2005-09-23,"Coordinacion;Seguridad;Comunicacion;Promocion;Planificacion",6,1688,4887
2016-07-04,"Planificacion;Contratacion;Programacion;Evaluacion;Seguridad",10,84,4960
2023-06-09,"Gestion de presupuesto;Coordinacion;Logistica;Comunicacion;Evaluacion",7,393,4951
2011-01-10,"Comunicacion;Promocion;Coordinacion;Evaluacion;Contratacion",8,4105,4926
2020-01-05,"Logistica;Promocion;Programacion;Gestion de presupuesto;Seguridad",10,859,4929
2004-01-18,"Programacion;Contratacion;Logistica;Planificacion;Seguridad",8,960,4852
2012-04-27,"Contratacion;Planificacion;Comunicacion;Programacion;Seguridad",6,2240,4873
2010-10-04,"Gestion de presupuesto;Promocion;Contratacion;Logistica;Seguridad",2,3388,4903
2004-04-27,"Planificacion;Contratacion;Seguridad;Gestion de presupuesto;Evaluacion",1,2316,4855
2013-06-23,"Planificacion;Contratacion;Comunicacion;Logistica;Seguridad",10,2594,4932
2020-05-27,"Evaluacion;Contratacion;Programacion;Seguridad;Planificacion",7,1552,4969
2012-07-13,"Programacion;Gestion de presupuesto;Coordinacion;Promocion;Evaluacion",3,875,4871
2005-12-06,"Seguridad;Logistica;Evaluacion;Planificacion;Promocion",8,1983,4927
2016-05-18,"Comunicacion;Contratacion;Seguridad;Programacion;Coordinacion",2,3062,4856
2016-02-04,"Promocion;Programacion;Logistica;Gestion de presupuesto;Comunicacion",10,1983,4904
2022-07-23,"Programacion;Logistica;Promocion;Comunicacion;Evaluacion",5,779,4889
2014-03-14,"Programacion;Promocion;Comunicacion;Planificacion;Evaluacion",8,964,4858
2005-02-02,"Comunicacion;Gestion de presupuesto;Seguridad;Programacion;Logistica",5,3789,4910
2006-11-24,"Evaluacion;Promocion;Programacion;Comunicacion;Planificacion",7,3990,4888
2017-08-23,"Promocion;Comunicacion;Gestion de presupuesto;Logistica;Planificacion",3,1372,4933
2007-02-13,"Seguridad;Evaluacion;Promocion;Logistica;Contratacion",5,4067,4867
2016-08-18,"Contratacion;Comunicacion;Gestion de presupuesto;Logistica;Planificacion",8,4039,4867
2003-06-23,"Planificacion;Contratacion;Seguridad;Coordinacion;Gestion de presupuesto",3,2460,4899
2019-02-04,"Logistica;Contratacion;Planificacion;Evaluacion;Comunicacion",10,3941,4945
2021-08-28,"Logistica;Coordinacion;Comunicacion;Contratacion;Programacion",7,2708,4950
2009-11-22,"Comunicacion;Planificacion;Logistica;Promocion;Coordinacion",1,164,4897
2001-07-30,"Coordinacion;Contratacion;Planificacion;Seguridad;Evaluacion",6,813,4911
2000-12-15,"Evaluacion;Promocion;Coordinacion;Programacion;Logistica",9,1035,4908
2004-08-01,"Promocion;Coordinacion;Contratacion;Logistica;Gestion de presupuesto",5,1105,4882
2023-11-01,"Contratacion;Gestion de presupuesto;Evaluacion;Logistica;Comunicacion",9,3934,4944
2018-05-01,"Planificacion;Promocion;Gestion de presupuesto;Programacion;Evaluacion",4,975,4853
2023-08-23,"Contratacion;Promocion;Logistica;Planificacion;Programacion",10,4367,4885
2008-03-24,"Planificacion;Logistica;Evaluacion;Seguridad;Coordinacion",3,3345,4855
2015-11-02,"Promocion;Contratacion;Logistica;Evaluacion;Comunicacion",9,795,4967
2001-06-19,"Planificacion;Logistica;Gestion de presupuesto;Coordinacion;Promocion",5,4062,4915
2003-05-15,"Planificacion;Logistica;Coordinacion;Promocion;Programacion",4,1922,4954
2006-06-12,"Contratacion;Programacion;Gestion de presupuesto;Logistica;Planificacion",9,3238,4875
2011-12-03,"Planificacion;Evaluacion;Coordinacion;Promocion;Seguridad",6,1591,4888
2015-05-09,"Evaluacion;Planificacion;Comunicacion;Logistica;Promocion",3,810,4922
2020-10-15,"Comunicacion;Coordinacion;Contratacion;Gestion de presupuesto;Seguridad",10,4482,4918
2019-12-04,"Programacion;Contratacion;Planificacion;Logistica;Promocion",10,314,4931
2017-12-10,"Seguridad;Comunicacion;Evaluacion;Programacion;Logistica",4,4186,4884
2016-03-04,"Evaluacion;Planificacion;Gestion de presupuesto;Comunicacion;Programacion",5,3920,4853
2012-03-30,"Coordinacion;Gestion de presupuesto;Comunicacion;Planificacion;Seguridad",2,2150,4916
2016-09-13,"Seguridad;Gestion de presupuesto;Promocion;Coordinacion;Comunicacion",1,1960,4895
2009-02-26,"Promocion;Seguridad;Evaluacion;Contratacion;Gestion de presupuesto",4,4009,4936
2000-08-01,"Gestion de presupuesto;Programacion;Comunicacion;Planificacion;Evaluacion",10,4333,4936
2016-08-04,"Comunicacion;Gestion de presupuesto;Planificacion;Seguridad;Promocion",10,2315,4859
2010-12-10,"Comunicacion;Logistica;Evaluacion;Programacion;Coordinacion",5,4117,4958
2004-03-07,"Comunicacion;Coordinacion;Contratacion;Gestion de presupuesto;Promocion",2,4144,4855
2021-07-31,"Logistica;Seguridad;Promocion;Comunicacion;Planificacion",1,3226,4939
2007-01-28,"Programacion;Gestion de presupuesto;Evaluacion;Comunicacion;Seguridad",8,4048,4967
2021-02-13,"Seguridad;Programacion;Promocion;Planificacion;Logistica",9,2855,4968
2022-06-23,"Comunicacion;Contratacion;Evaluacion;Promocion;Planificacion",10,3387,4887
2007-03-21,"Seguridad;Evaluacion;Programacion;Coordinacion;Promocion",3,250,4935
2014-02-06,"Gestion de presupuesto;Planificacion;Comunicacion;Evaluacion;Coordinacion",8,2907,4944
2012-07-22,"Contratacion;Evaluacion;Planificacion;Promocion;Logistica",2,1915,4968
2000-04-06,"Contratacion;Seguridad;Gestion de presupuesto;Evaluacion;Logistica",8,2960,4897
2013-05-04,"Coordinacion;Contratacion;Seguridad;Programacion;Comunicacion",9,3343,4899
2021-07-10,"Comunicacion;Seguridad;Evaluacion;Logistica;Planificacion",9,2098,4958
2009-06-20,"Contratacion;Gestion de presupuesto;Planificacion;Evaluacion;Comunicacion",9,3687,4934
2016-04-07,"Logistica;Programacion;Evaluacion;Coordinacion;Promocion",1,2986,4953
2021-05-11,"Coordinacion;Planificacion;Programacion;Logistica;Contratacion",5,1496,4867
2000-11-30,"Promocion;Gestion de presupuesto;Contratacion;Coordinacion;Seguridad",4,2410,4930
2004-02-20,"Planificacion;Comunicacion;Coordinacion;Contratacion;Evaluacion",9,2001,4893
2023-12-25,"Logistica;Comunicacion;Evaluacion;Seguridad;Contratacion",10,3371,4870
2001-10-29,"Planificacion;Evaluacion;Seguridad;Promocion;Gestion de presupuesto",9,2989,4883
2012-10-24,"Coordinacion;Seguridad;Promocion;Comunicacion;Gestion de presupuesto",7,2755,4933
2015-12-19,"Planificacion;Coordinacion;Seguridad;Evaluacion;Gestion de presupuesto",10,2303,4967
2013-12-07,"Gestion de presupuesto;Comunicacion;Logistica;Evaluacion;Promocion",5,4123,4878
2008-11-05,"Programacion;Planificacion;Contratacion;Gestion de presupuesto;Comunicacion",3,3833,4916
2021-10-11,"Logistica;Programacion;Promocion;Evaluacion;Gestion de presupuesto",10,287,4890
2020-12-17,"Logistica;Evaluacion;Contratacion;Promocion;Coordinacion",4,1633,4861
2002-11-17,"Coordinacion;Gestion de presupuesto;Programacion;Seguridad;Logistica",3,3427,4878
2002-03-19,"Programacion;Evaluacion;Planificacion;Promocion;Seguridad",3,1711,4863
2009-02-07,"Logistica;Coordinacion;Contratacion;Programacion;Promocion",3,3099,4934
2015-08-15,"Programacion;Contratacion;Gestion de presupuesto;Planificacion;Seguridad",7,4227,4934
2000-06-25,"Promocion;Logistica;Coordinacion;Evaluacion;Seguridad",10,453,4965
2015-08-13,"Gestion de presupuesto;Programacion;Contratacion;Logistica;Promocion",8,1760,4947
2004-08-28,"Gestion de presupuesto;Seguridad;Logistica;Planificacion;Comunicacion",2,1394,4910
2007-03-20,"Logistica;Coordinacion;Comunicacion;Programacion;Evaluacion",8,3578,4863
2012-07-07,"Seguridad;Contratacion;Coordinacion;Gestion de presupuesto;Programacion",3,2949,4900
2003-10-30,"Programacion;Coordinacion;Contratacion;Logistica;Gestion de presupuesto",5,4360,4899
2011-08-29,"Evaluacion;Seguridad;Comunicacion;Logistica;Programacion",2,176,4953
2011-01-25,"Promocion;Coordinacion;Contratacion;Programacion;Gestion de presupuesto",5,2090,4894
2013-02-13,"Coordinacion;Promocion;Programacion;Gestion de presupuesto;Logistica",9,1531,4926
2013-11-29,"Coordinacion;Seguridad;Gestion de presupuesto;Programacion;Promocion",6,332,4896
2023-01-17,"Seguridad;Planificacion;Comunicacion;Logistica;Programacion",4,1756,4943
2015-09-11,"Seguridad;Evaluacion;Gestion de presupuesto;Planificacion;Logistica",7,681,4927
2002-05-29,"Gestion de presupuesto;Evaluacion;Logistica;Coordinacion;Programacion",7,2959,4949
2006-12-19,"Promocion;Programacion;Planificacion;Seguridad;Contratacion",1,146,4917
2023-12-31,"Seguridad;Contratacion;Evaluacion;Programacion;Comunicacion",9,902,4965
2021-08-15,"Coordinacion;Promocion;Gestion de presupuesto;Contratacion;Programacion",4,4407,4870
2018-05-12,"Planificacion;Promocion;Coordinacion;Contratacion;Gestion de presupuesto",2,4063,4931
2004-06-03,"Planificacion;Gestion de presupuesto;Comunicacion;Seguridad;Evaluacion",1,2012,4943
2004-09-16,"Coordinacion;Programacion;Planificacion;Logistica;Evaluacion",5,4358,4857
2007-07-08,"Planificacion;Seguridad;Evaluacion;Coordinacion;Gestion de presupuesto",1,1066,4944
2010-06-24,"Gestion de presupuesto;Comunicacion;Coordinacion;Logistica;Seguridad",8,4095,4952
2015-10-23,"Seguridad;Promocion;Planificacion;Comunicacion;Evaluacion",6,2617,4873
2009-10-30,"Comunicacion;Seguridad;Contratacion;Planificacion;Promocion",7,3149,4967
2020-03-04,"Evaluacion;Logistica;Comunicacion;Programacion;Contratacion",8,4064,4883
2017-06-07,"Logistica;Coordinacion;Planificacion;Comunicacion;Evaluacion",7,3558,4933
2017-08-29,"Seguridad;Promocion;Contratacion;Logistica;Comunicacion",8,2125,4912
2016-10-18,"Gestion de presupuesto;Promocion;Logistica;Planificacion;Contratacion",8,1211,4952
2024-04-10,"Gestion de presupuesto;Coordinacion;Planificacion;Contratacion;Logistica",3,3826,4870
2004-04-10,"Contratacion;Evaluacion;Seguridad;Comunicacion;Promocion",9,2553,4883
2020-11-22,"Coordinacion;Evaluacion;Logistica;Programacion;Contratacion",5,810,4898
2022-12-26,"Promocion;Gestion de presupuesto;Seguridad;Coordinacion;Planificacion",10,4116,4862
2022-06-26,"Comunicacion;Programacion;Logistica;Promocion;Seguridad",8,1133,4879
2001-06-28,"Programacion;Comunicacion;Contratacion;Logistica;Promocion",5,3608,4921
2011-06-29,"Contratacion;Programacion;Evaluacion;Gestion de presupuesto;Comunicacion",2,2861,4853
2010-12-15,"Seguridad;Coordinacion;Evaluacion;Comunicacion;Programacion",2,2224,4904
2011-10-04,"Promocion;Logistica;Evaluacion;Coordinacion;Contratacion",4,1988,4966
2016-10-09,"Planificacion;Evaluacion;Comunicacion;Contratacion;Coordinacion",3,4027,4906
2006-12-16,"Planificacion;Seguridad;Logistica;Contratacion;Comunicacion",1,1006,4928
2019-09-01,"Logistica;Coordinacion;Comunicacion;Evaluacion;Planificacion",8,4320,4917
2008-12-03,"Logistica;Comunicacion;Gestion de presupuesto;Programacion;Seguridad",5,3351,4859
2002-03-03,"Seguridad;Promocion;Logistica;Planificacion;Coordinacion",4,4057,4933
2013-07-10,"Seguridad;Evaluacion;Coordinacion;Programacion;Planificacion",8,3464,4860
2019-10-10,"Seguridad;Evaluacion;Promocion;Gestion de presupuesto;Logistica",9,3122,4969
2009-03-13,"Gestion de presupuesto;Promocion;Planificacion;Logistica;Evaluacion",4,2451,4885
2012-09-12,"Evaluacion;Programacion;Coordinacion;Seguridad;Planificacion",2,2973,4969
2001-11-24,"Comunicacion;Coordinacion;Contratacion;Gestion de presupuesto;Planificacion",9,3258,4907
2010-11-25,"Promocion;Gestion de presupuesto;Comunicacion;Evaluacion;Seguridad",6,3595,4953
2007-01-05,"Gestion de presupuesto;Promocion;Contratacion;Comunicacion;Coordinacion",1,4361,4904
2010-01-22,"Seguridad;Planificacion;Evaluacion;Logistica;Comunicacion",6,298,4946
2000-11-17,"Comunicacion;Coordinacion;Gestion de presupuesto;Contratacion;Logistica",5,3247,4968
2023-07-07,"Promocion;Logistica;Seguridad;Programacion;Coordinacion",6,4446,4957
2023-06-05,"Coordinacion;Evaluacion;Planificacion;Logistica;Seguridad",10,1987,4877
2015-05-17,"Logistica;Comunicacion;Programacion;Seguridad;Promocion",8,1865,4906
2022-07-07,"Logistica;Coordinacion;Comunicacion;Contratacion;Promocion",9,4240,4961
2022-08-11,"Comunicacion;Logistica;Evaluacion;Promocion;Coordinacion",7,1912,4945
2017-04-17,"Contratacion;Seguridad;Planificacion;Gestion de presupuesto;Logistica",9,2195,4865
2016-02-22,"Comunicacion;Gestion de presupuesto;Planificacion;Promocion;Coordinacion",1,2932,4850
2002-02-11,"Contratacion;Coordinacion;Comunicacion;Promocion;Seguridad",10,2030,4863
2000-05-30,"Evaluacion;Logistica;Planificacion;Seguridad;Promocion",5,4188,4880
2021-02-21,"Logistica;Gestion de presupuesto;Contratacion;Comunicacion;Evaluacion",7,489,4953
2000-05-07,"Promocion;Coordinacion;Contratacion;Logistica;Comunicacion",1,2192,4874
2010-09-27,"Gestion de presupuesto;Contratacion;Seguridad;Programacion;Planificacion",9,3576,4876
2002-05-14,"Coordinacion;Programacion;Contratacion;Logistica;Promocion",1,306,4862
2006-10-05,"Contratacion;Gestion de presupuesto;Planificacion;Evaluacion;Programacion",5,4491,4934
2017-01-15,"Gestion de presupuesto;Programacion;Comunicacion;Coordinacion;Planificacion",10,3102,4950
2013-09-17,"Programacion;Seguridad;Gestion de presupuesto;Promocion;Planificacion",3,908,4965
2024-01-15,"Gestion de presupuesto;Contratacion;Seguridad;Programacion;Logistica",2,1320,4968
2001-08-19,"Gestion de presupuesto;Evaluacion;Promocion;Contratacion;Seguridad",3,3122,4895
2008-10-10,"Promocion;Logistica;Planificacion;Coordinacion;Seguridad",6,1950,4920
2019-11-05,"Programacion;Seguridad;Gestion de presupuesto;Logistica;Coordinacion",10,842,4946
2005-01-14,"Promocion;Contratacion;Logistica;Planificacion;Programacion",1,1232,4896
2003-02-06,"Seguridad;Evaluacion;Logistica;Comunicacion;Promocion",6,2124,4889
2018-08-12,"Gestion de presupuesto;Programacion;Evaluacion;Seguridad;Logistica",5,3515,4910
2006-11-21,"Comunicacion;Evaluacion;Gestion de presupuesto;Promocion;Seguridad",6,1137,4912
2022-06-26,"Promocion;Seguridad;Programacion;Contratacion;Evaluacion",2,3870,4853
2016-03-22,"Planificacion;Logistica;Seguridad;Coordinacion;Programacion",6,1302,4969
2017-01-18,"Contratacion;Gestion de presupuesto;Programacion;Seguridad;Promocion",4,418,4858
2020-03-16,"Logistica;Coordinacion;Contratacion;Planificacion;Seguridad",4,3946,4888
2007-04-11,"Seguridad;Coordinacion;Programacion;Logistica;Comunicacion",3,841,4854
2006-03-11,"Planificacion;Comunicacion;Promocion;Evaluacion;Coordinacion",6,1485,4858
2005-12-26,"Logistica;Coordinacion;Evaluacion;Seguridad;Programacion",10,3136,4931
2022-04-13,"Evaluacion;Planificacion;Seguridad;Gestion de presupuesto;Comunicacion",9,2770,4888
2020-06-22,"Planificacion;Contratacion;Seguridad;Coordinacion;Logistica",2,2219,4968
2003-07-27,"Programacion;Seguridad;Logistica;Gestion de presupuesto;Coordinacion",4,4017,4940
2021-01-12,"Logistica;Seguridad;Comunicacion;Contratacion;Coordinacion",10,582,4932
2018-03-26,"Comunicacion;Programacion;Logistica;Seguridad;Gestion de presupuesto",1,692,4863
2015-02-04,"Contratacion;Planificacion;Programacion;Seguridad;Evaluacion",2,2340,4853
2021-04-10,"Coordinacion;Evaluacion;Seguridad;Logistica;Promocion",5,2514,4869
2022-04-01,"Coordinacion;Contratacion;Promocion;Comunicacion;Programacion",2,1943,4893
2018-11-08,"Programacion;Contratacion;Evaluacion;Seguridad;Coordinacion",6,3540,4968
2022-03-02,"Contratacion;Seguridad;Comunicacion;Planificacion;Gestion de presupuesto",1,289,4963
2017-12-20,"Promocion;Planificacion;Seguridad;Programacion;Comunicacion",10,182,4936
2006-12-29,"Promocion;Gestion de presupuesto;Comunicacion;Planificacion;Logistica",3,517,4926
2002-07-15,"Planificacion;Coordinacion;Contratacion;Evaluacion;Comunicacion",1,3462,4880
2002-08-05,"Contratacion;Planificacion;Evaluacion;Programacion;Seguridad",4,4412,4890
2015-12-08,"Coordinacion;Comunicacion;Gestion de presupuesto;Evaluacion;Planificacion",6,4295,4941
2003-12-28,"Gestion de presupuesto;Programacion;Logistica;Comunicacion;Planificacion",7,1926,4868
2000-09-17,"Seguridad;Logistica;Comunicacion;Planificacion;Evaluacion",6,2900,4862
2015-02-28,"Comunicacion;Planificacion;Promocion;Gestion de presupuesto;Contratacion",9,1386,4894
2001-10-23,"Programacion;Coordinacion;Logistica;Evaluacion;Gestion de presupuesto",9,587,4907
2010-01-30,"Coordinacion;Comunicacion;Planificacion;Evaluacion;Programacion",1,1819,4964
2003-09-17,"Promocion;Planificacion;Coordinacion;Programacion;Logistica",9,1982,4867
2004-03-05,"Evaluacion;Gestion de presupuesto;Seguridad;Promocion;Contratacion",5,2324,4870
2011-09-10,"Promocion;Gestion de presupuesto;Comunicacion;Programacion;Contratacion",8,1949,4910
2009-04-21,"Programacion;Logistica;Coordinacion;Gestion de presupuesto;Promocion",6,4325,4851
2006-05-13,"Planificacion;Promocion;Contratacion;Comunicacion;Evaluacion",6,3720,4855
2011-10-30,"Logistica;Seguridad;Comunicacion;Evaluacion;Promocion",2,1916,4929
2020-02-28,"Programacion;Planificacion;Gestion de presupuesto;Promocion;Seguridad",9,2641,4891
2004-08-09,"Seguridad;Logistica;Planificacion;Coordinacion;Promocion",6,3787,4874
2020-06-22,"Promocion;Contratacion;Evaluacion;Coordinacion;Planificacion",7,4462,4969
2024-03-13,"Evaluacion;Programacion;Contratacion;Seguridad;Promocion",2,1683,4880
2015-02-15,"Gestion de presupuesto;Programacion;Contratacion;Promocion;Logistica",2,2335,4873
2015-06-04,"Coordinacion;Logistica;Comunicacion;Promocion;Evaluacion",10,4356,4953
2014-07-08,"Contratacion;Comunicacion;Seguridad;Gestion de presupuesto;Programacion",1,1698,4891
2003-04-16,"Promocion;Logistica;Planificacion;Comunicacion;Gestion de presupuesto",9,549,4969
2014-01-27,"Logistica;Promocion;Evaluacion;Comunicacion;Planificacion",8,999,4950
2014-02-26,"Coordinacion;Promocion;Contratacion;Planificacion;Logistica",1,1795,4913
2000-10-09,"Logistica;Seguridad;Evaluacion;Promocion;Planificacion",10,448,4873
2016-02-07,"Coordinacion;Promocion;Seguridad;Planificacion;Gestion de presupuesto",5,1298,4952
2014-06-06,"Evaluacion;Coordinacion;Seguridad;Gestion de presupuesto;Promocion",6,3287,4893
2022-11-28,"Planificacion;Promocion;Coordinacion;Logistica;Evaluacion",6,2067,4887
2003-04-17,"Coordinacion;Promocion;Comunicacion;Contratacion;Logistica",3,2834,4939
2021-08-15,"Seguridad;Coordinacion;Planificacion;Contratacion;Logistica",5,2466,4891
2000-11-19,"Gestion de presupuesto;Seguridad;Coordinacion;Evaluacion;Programacion",9,2016,4930
2009-08-14,"Seguridad;Planificacion;Coordinacion;Logistica;Contratacion",4,4400,4919
2001-06-28,"Promocion;Evaluacion;Seguridad;Coordinacion;Logistica",4,1057,4900
2002-01-30,"Logistica;Evaluacion;Promocion;Contratacion;Gestion de presupuesto",8,4245,4937
2016-09-06,"Promocion;Gestion de presupuesto;Logistica;Coordinacion;Comunicacion",5,1920,4889
2008-12-31,"Seguridad;Gestion de presupuesto;Coordinacion;Logistica;Programacion",9,745,4916
2013-03-16,"Planificacion;Promocion;Programacion;Logistica;Evaluacion",2,3889,4910
2014-02-10,"Contratacion;Planificacion;Gestion de presupuesto;Coordinacion;Evaluacion",1,1701,4965
2020-10-18,"Evaluacion;Programacion;Promocion;Comunicacion;Seguridad",3,884,4942
2010-10-10,"Logistica;Planificacion;Gestion de presupuesto;Seguridad;Programacion",8,2885,4942
2021-12-06,"Gestion de presupuesto;Comunicacion;Logistica;Evaluacion;Planificacion",7,860,4892
2020-07-26,"Gestion de presupuesto;Contratacion;Logistica;Comunicacion;Programacion",2,3771,4926
2016-03-04,"Evaluacion;Logistica;Comunicacion;Promocion;Programacion",6,2805,4867
2021-06-13,"Logistica;Promocion;Coordinacion;Seguridad;Planificacion",9,1557,4916
2015-01-14,"Planificacion;Evaluacion;Seguridad;Logistica;Contratacion",3,1896,4969
2001-01-15,"Logistica;Contratacion;Coordinacion;Planificacion;Evaluacion",4,592,4938
2013-06-24,"Comunicacion;Coordinacion;Programacion;Gestion de presupuesto;Seguridad",9,2547,4940
2006-06-13,"Coordinacion;Evaluacion;Programacion;Gestion de presupuesto;Seguridad",7,2056,4950
2017-03-05,"Programacion;Seguridad;Comunicacion;Contratacion;Planificacion",4,3018,4950
2012-06-08,"Promocion;Planificacion;Comunicacion;Logistica;Seguridad",7,802,4871
2002-08-25,"Logistica;Promocion;Coordinacion;Planificacion;Seguridad",9,64,4966
2008-12-07,"Promocion;Seguridad;Coordinacion;Comunicacion;Programacion",10,2348,4858
2023-02-13,"Logistica;Coordinacion;Gestion de presupuesto;Planificacion;Programacion",4,861,4901
2005-01-11,"Planificacion;Promocion;Gestion de presupuesto;Logistica;Seguridad",7,3018,4954
2003-08-21,"Programacion;Gestion de presupuesto;Seguridad;Promocion;Planificacion",10,3649,4895
2005-10-22,"Comunicacion;Coordinacion;Evaluacion;Planificacion;Contratacion",1,1207,4867
2014-11-13,"Coordinacion;Evaluacion;Contratacion;Programacion;Seguridad",3,4078,4909
2007-10-03,"Contratacion;Promocion;Logistica;Seguridad;Planificacion",6,2869,4928
2017-12-29,"Promocion;Programacion;Seguridad;Logistica;Planificacion",5,994,4927
2014-06-10,"Comunicacion;Programacion;Seguridad;Coordinacion;Contratacion",6,2806,4938
2001-08-12,"Comunicacion;Promocion;Contratacion;Evaluacion;Seguridad",5,3977,4850
2012-09-02,"Coordinacion;Logistica;Planificacion;Seguridad;Promocion",8,3347,4931
2016-01-02,"Gestion de presupuesto;Seguridad;Evaluacion;Planificacion;Coordinacion",3,2823,4880
2022-03-24,"Evaluacion;Promocion;Gestion de presupuesto;Planificacion;Contratacion",2,915,4901
2008-03-28,"Programacion;Comunicacion;Evaluacion;Gestion de presupuesto;Seguridad",7,1477,4917
2020-07-26,"Promocion;Seguridad;Logistica;Planificacion;Coordinacion",3,4199,4917
2024-01-10,"Seguridad;Coordinacion;Comunicacion;Evaluacion;Gestion de presupuesto",10,4450,4877
2008-12-28,"Programacion;Promocion;Gestion de presupuesto;Planificacion;Contratacion",8,2655,4939
2016-12-02,"Gestion de presupuesto;Seguridad;Promocion;Planificacion;Evaluacion",8,1639,4897
2014-07-14,"Planificacion;Logistica;Comunicacion;Coordinacion;Promocion",5,3642,4930
2004-04-11,"Gestion de presupuesto;Logistica;Coordinacion;Contratacion;Seguridad",2,2938,4871
2003-08-31,"Promocion;Planificacion;Evaluacion;Gestion de presupuesto;Coordinacion",6,2374,4925
2012-09-20,"Seguridad;Planificacion;Coordinacion;Programacion;Gestion de presupuesto",8,2074,4929
2001-08-14,"Seguridad;Programacion;Planificacion;Coordinacion;Contratacion",10,4492,4923
2005-02-11,"Planificacion;Programacion;Logistica;Comunicacion;Gestion de presupuesto",5,3315,4938
2017-12-16,"Coordinacion;Comunicacion;Seguridad;Planificacion;Programacion",6,3389,4870
2020-06-16,"Evaluacion;Promocion;Comunicacion;Contratacion;Coordinacion",5,1699,4921
2023-09-04,"Promocion;Planificacion;Gestion de presupuesto;Contratacion;Comunicacion",9,2698,4893
2008-02-22,"Logistica;Evaluacion;Coordinacion;Gestion de presupuesto;Planificacion",7,1853,4912
2023-10-10,"Contratacion;Planificacion;Seguridad;Promocion;Comunicacion",3,3845,4903
2019-06-06,"Gestion de presupuesto;Planificacion;Seguridad;Evaluacion;Programacion",9,3560,4892
2019-04-16,"Evaluacion;Contratacion;Logistica;Programacion;Comunicacion",8,1826,4891
2023-05-31,"Seguridad;Logistica;Evaluacion;Gestion de presupuesto;Contratacion",4,2210,4954
2008-03-27,"Programacion;Seguridad;Gestion de presupuesto;Evaluacion;Comunicacion",7,2696,4935
2014-07-02,"Planificacion;Comunicacion;Gestion de presupuesto;Seguridad;Coordinacion",3,99,4922
2017-10-04,"Seguridad;Evaluacion;Coordinacion;Gestion de presupuesto;Programacion",1,965,4903
2007-01-25,"Coordinacion;Evaluacion;Planificacion;Promocion;Programacion",3,2848,4945
2005-04-17,"Comunicacion;Planificacion;Gestion de presupuesto;Programacion;Logistica",2,2405,4929
2020-02-15,"Planificacion;Promocion;Gestion de presupuesto;Seguridad;Coordinacion",9,907,4920
2013-02-11,"Comunicacion;Planificacion;Contratacion;Coordinacion;Seguridad",9,1464,4943
2009-11-15,"Gestion de presupuesto;Coordinacion;Contratacion;Promocion;Evaluacion",3,3361,4935
2003-03-29,"Planificacion;Promocion;Coordinacion;Evaluacion;Comunicacion",7,4203,4889
2010-07-24,"Promocion;Contratacion;Coordinacion;Seguridad;Comunicacion",4,1521,4940
2018-06-09,"Planificacion;Gestion de presupuesto;Seguridad;Logistica;Coordinacion",8,1262,4929
2005-07-10,"Planificacion;Seguridad;Gestion de presupuesto;Evaluacion;Contratacion",7,3146,4930
2009-01-22,"Promocion;Gestion de presupuesto;Coordinacion;Programacion;Contratacion",1,3449,4850
2003-11-22,"Comunicacion;Evaluacion;Promocion;Coordinacion;Seguridad",5,1325,4900
2010-05-24,"Comunicacion;Evaluacion;Programacion;Seguridad;Gestion de presupuesto",2,3243,4865
2016-10-13,"Seguridad;Planificacion;Programacion;Evaluacion;Coordinacion",10,2251,4856
2004-01-02,"Evaluacion;Comunicacion;Seguridad;Contratacion;Planificacion",3,3991,4920
2002-05-19,"Coordinacion;Evaluacion;Promocion;Seguridad;Planificacion",4,1141,4861
2023-04-15,"Logistica;Seguridad;Evaluacion;Contratacion;Gestion de presupuesto",1,348,4892
2009-01-19,"Comunicacion;Coordinacion;Programacion;Promocion;Contratacion",6,2749,4950
2011-01-01,"Comunicacion;Programacion;Promocion;Seguridad;Evaluacion",5,3008,4938
2014-09-04,"Logistica;Programacion;Planificacion;Promocion;Coordinacion",7,2780,4955
2021-09-01,"Promocion;Contratacion;Gestion de presupuesto;Programacion;Evaluacion",5,1169,4875
2016-04-14,"Seguridad;Coordinacion;Evaluacion;Contratacion;Logistica",8,1919,4911
2009-06-24,"Comunicacion;Promocion;Logistica;Seguridad;Evaluacion",7,2943,4875
2015-09-27,"Gestion de presupuesto;Contratacion;Logistica;Coordinacion;Planificacion",8,3220,4930
2016-03-10,"Comunicacion;Planificacion;Contratacion;Promocion;Seguridad",5,2099,4942
2020-03-15,"Logistica;Contratacion;Planificacion;Coordinacion;Comunicacion",9,2976,4883
2005-05-02,"Planificacion;Promocion;Programacion;Gestion de presupuesto;Logistica",8,2871,4967
2004-06-10,"Comunicacion;Contratacion;Seguridad;Gestion de presupuesto;Logistica",3,2164,4892
2017-05-19,"Planificacion;Programacion;Comunicacion;Contratacion;Gestion de presupuesto",5,1404,4953
2001-01-28,"Comunicacion;Promocion;Programacion;Gestion de presupuesto;Logistica",4,239,4901
2014-02-11,"Logistica;Seguridad;Promocion;Programacion;Contratacion",10,63,4967
2016-07-29,"Gestion de presupuesto;Contratacion;Coordinacion;Programacion;Planificacion",10,1429,4875
2010-03-27,"Comunicacion;Logistica;Programacion;Gestion de presupuesto;Seguridad",10,1722,4873
2005-06-12,"Logistica;Seguridad;Contratacion;Coordinacion;Gestion de presupuesto",6,1152,4907
2009-01-21,"Planificacion;Promocion;Logistica;Programacion;Contratacion",8,2172,4895
2011-10-11,"Comunicacion;Contratacion;Seguridad;Planificacion;Logistica",4,3088,4969
2013-08-24,"Gestion de presupuesto;Planificacion;Coordinacion;Logistica;Seguridad",3,2539,4927
2004-03-02,"Gestion de presupuesto;Coordinacion;Seguridad;Comunicacion;Promocion",10,2995,4857
2005-08-11,"Promocion;Contratacion;Comunicacion;Seguridad;Logistica",8,2435,4855
2005-09-13,"Promocion;Contratacion;Logistica;Planificacion;Gestion de presupuesto",2,1956,4860
2022-03-01,"Planificacion;Promocion;Seguridad;Comunicacion;Programacion",10,2009,4927
2013-11-24,"Contratacion;Coordinacion;Logistica;Gestion de presupuesto;Comunicacion",7,1856,4856
2013-03-06,"Comunicacion;Programacion;Contratacion;Coordinacion;Promocion",3,1102,4869
2017-07-09,"Logistica;Comunicacion;Evaluacion;Planificacion;Contratacion",7,1141,4936
2022-11-01,"Programacion;Promocion;Coordinacion;Logistica;Gestion de presupuesto",9,346,4861
2005-07-30,"Evaluacion;Contratacion;Planificacion;Logistica;Programacion",10,2425,4888
2013-10-26,"Gestion de presupuesto;Seguridad;Evaluacion;Promocion;Contratacion",5,1418,4901
2009-05-27,"Seguridad;Planificacion;Logistica;Gestion de presupuesto;Evaluacion",1,4498,4903
2009-10-10,"Programacion;Seguridad;Promocion;Planificacion;Contratacion",6,2163,4959
2016-11-22,"Evaluacion;Programacion;Promocion;Seguridad;Planificacion",1,2795,4947
2004-07-26,"Logistica;Coordinacion;Contratacion;Programacion;Planificacion",8,2741,4903
2015-11-15,"Logistica;Promocion;Programacion;Comunicacion;Gestion de presupuesto",4,2556,4949
2009-11-30,"Contratacion;Comunicacion;Seguridad;Evaluacion;Logistica",3,997,4897
2022-11-08,"Logistica;Programacion;Promocion;Coordinacion;Gestion de presupuesto",2,2523,4854
2010-09-24,"Contratacion;Gestion de presupuesto;Seguridad;Planificacion;Logistica",8,3542,4896
2016-05-09,"Planificacion;Contratacion;Promocion;Programacion;Seguridad",8,3617,4893
2001-05-09,"Evaluacion;Comunicacion;Contratacion;Planificacion;Gestion de presupuesto",6,1564,4866
2014-12-03,"Gestion de presupuesto;Evaluacion;Planificacion;Logistica;Seguridad",9,3431,4930
2016-10-10,"Seguridad;Evaluacion;Coordinacion;Logistica;Programacion",9,232,4887
2004-08-15,"Logistica;Seguridad;Planificacion;Comunicacion;Gestion de presupuesto",6,3692,4966
2001-05-28,"Logistica;Promocion;Gestion de presupuesto;Planificacion;Evaluacion",4,1329,4911
2016-12-14,"Coordinacion;Planificacion;Evaluacion;Contratacion;Programacion",4,4368,4918
2014-09-18,"Comunicacion;Evaluacion;Planificacion;Seguridad;Programacion",6,809,4901
2006-05-14,"Evaluacion;Planificacion;Programacion;Comunicacion;Coordinacion",4,283,4967
2021-07-17,"Promocion;Programacion;Evaluacion;Gestion de presupuesto;Coordinacion",4,1380,4864
2004-10-30,"Gestion de presupuesto;Logistica;Comunicacion;Evaluacion;Coordinacion",9,287,4903
2010-03-21,"Promocion;Evaluacion;Programacion;Gestion de presupuesto;Comunicacion",5,2824,4968
2013-01-16,"Evaluacion;Coordinacion;Programacion;Seguridad;Logistica",7,62,4935
2006-06-26,"Planificacion;Seguridad;Evaluacion;Promocion;Comunicacion",3,1892,4868
2016-05-16,"Promocion;Planificacion;Gestion de presupuesto;Seguridad;Programacion",8,1669,4889
2019-02-25,"Comunicacion;Contratacion;Logistica;Promocion;Evaluacion",5,2977,4888
2001-03-30,"Seguridad;Contratacion;Programacion;Planificacion;Comunicacion",1,1688,4957
2015-02-21,"Contratacion;Planificacion;Seguridad;Programacion;Logistica",2,4179,4879
2018-09-29,"Promocion;Contratacion;Coordinacion;Comunicacion;Evaluacion",1,3348,4953
2020-09-13,"Contratacion;Programacion;Promocion;Logistica;Seguridad",2,2257,4879
2016-05-15,"Contratacion;Evaluacion;Logistica;Planificacion;Promocion",5,1159,4942
2007-01-14,"Planificacion;Logistica;Programacion;Seguridad;Promocion",7,2094,4936
2003-12-25,"Evaluacion;Planificacion;Seguridad;Logistica;Coordinacion",1,1687,4891
2009-10-30,"Promocion;Seguridad;Coordinacion;Programacion;Evaluacion",7,1109,4965
2017-03-09,"Seguridad;Evaluacion;Logistica;Comunicacion;Coordinacion",1,2258,4947
2008-06-21,"Promocion;Programacion;Seguridad;Comunicacion;Logistica",5,453,4857
2014-09-18,"Logistica;Contratacion;Gestion de presupuesto;Seguridad;Promocion",4,3256,4953
2011-04-01,"Evaluacion;Contratacion;Promocion;Coordinacion;Logistica",4,3076,4964
2010-01-08,"Comunicacion;Evaluacion;Promocion;Contratacion;Logistica",1,676,4908
2000-09-14,"Evaluacion;Programacion;Contratacion;Gestion de presupuesto;Coordinacion",3,3418,4877
2022-08-06,"Coordinacion;Gestion de presupuesto;Promocion;Comunicacion;Evaluacion",4,2466,4884
2006-10-21,"Contratacion;Promocion;Programacion;Gestion de presupuesto;Evaluacion",8,4015,4856
2011-02-25,"Promocion;Seguridad;Coordinacion;Programacion;Evaluacion",4,697,4942
2006-02-02,"Seguridad;Comunicacion;Contratacion;Coordinacion;Logistica",8,3724,4864
2000-12-15,"Contratacion;Programacion;Logistica;Planificacion;Gestion de presupuesto",9,1425,4926
2000-09-06,"Comunicacion;Logistica;Promocion;Evaluacion;Gestion de presupuesto",1,2827,4921
2012-07-03,"Programacion;Promocion;Seguridad;Coordinacion;Gestion de presupuesto",7,4223,4910
2002-08-30,"Contratacion;Promocion;Seguridad;Planificacion;Gestion de presupuesto",10,3731,4859
2023-12-27,"Logistica;Evaluacion;Planificacion;Comunicacion;Contratacion",7,4086,4875
2015-09-28,"Gestion de presupuesto;Comunicacion;Promocion;Seguridad;Programacion",10,1492,4918
2022-09-13,"Coordinacion;Promocion;Evaluacion;Planificacion;Gestion de presupuesto",8,719,4889
2000-10-25,"Coordinacion;Promocion;Seguridad;Logistica;Gestion de presupuesto",10,3526,4960
2005-11-02,"Evaluacion;Coordinacion;Programacion;Planificacion;Contratacion",3,2685,4866
2011-08-05,"Seguridad;Coordinacion;Gestion de presupuesto;Planificacion;Programacion",10,510,4879
2003-05-19,"Comunicacion;Logistica;Seguridad;Promocion;Gestion de presupuesto",4,521,4892
2016-05-20,"Evaluacion;Contratacion;Comunicacion;Seguridad;Gestion de presupuesto",3,2550,4869
2019-09-24,"Logistica;Seguridad;Programacion;Comunicacion;Planificacion",3,2446,4860
2004-07-28,"Seguridad;Promocion;Coordinacion;Contratacion;Gestion de presupuesto",1,4150,4928
2003-03-23,"Planificacion;Contratacion;Logistica;Coordinacion;Evaluacion",9,2769,4897
2010-03-18,"Seguridad;Contratacion;Evaluacion;Promocion;Coordinacion",5,3494,4968
2013-04-25,"Seguridad;Comunicacion;Coordinacion;Promocion;Gestion de presupuesto",5,3623,4867
2017-07-19,"Coordinacion;Promocion;Comunicacion;Programacion;Seguridad",3,2770,4940
2004-04-20,"Coordinacion;Comunicacion;Contratacion;Logistica;Planificacion",1,2819,4933
2015-07-05,"Seguridad;Programacion;Contratacion;Coordinacion;Logistica",3,4026,4962
2004-12-24,"Gestion de presupuesto;Programacion;Planificacion;Contratacion;Logistica",9,1386,4883
2003-11-05,"Promocion;Comunicacion;Coordinacion;Planificacion;Contratacion",7,1185,4891
2015-06-30,"Gestion de presupuesto;Evaluacion;Coordinacion;Seguridad;Contratacion",4,1875,4962
2014-07-25,"Planificacion;Contratacion;Comunicacion;Seguridad;Promocion",10,973,4926
2023-10-28,"Programacion;Evaluacion;Gestion de presupuesto;Logistica;Planificacion",3,1496,4926
2009-01-03,"Coordinacion;Programacion;Comunicacion;Contratacion;Promocion",10,1781,4915
2020-08-31,"Coordinacion;Evaluacion;Comunicacion;Seguridad;Promocion",7,3066,4866
2004-08-03,"Comunicacion;Gestion de presupuesto;Contratacion;Evaluacion;Seguridad",2,3425,4905
2008-09-15,"Evaluacion;Coordinacion;Planificacion;Gestion de presupuesto;Logistica",8,107,4923
2016-09-22,"Gestion de presupuesto;Promocion;Contratacion;Programacion;Coordinacion",1,833,4931
2022-01-25,"Contratacion;Coordinacion;Evaluacion;Logistica;Programacion",2,3181,4888
2011-11-22,"Evaluacion;Programacion;Coordinacion;Comunicacion;Seguridad",10,3240,4876
2015-12-08,"Planificacion;Coordinacion;Gestion de presupuesto;Evaluacion;Comunicacion",3,3133,4878
2012-12-15,"Programacion;Planificacion;Evaluacion;Comunicacion;Seguridad",10,1340,4861
2020-02-04,"Seguridad;Planificacion;Evaluacion;Contratacion;Logistica",4,1292,4934
2018-11-03,"Programacion;Contratacion;Coordinacion;Evaluacion;Seguridad",10,430,4916
2020-02-19,"Logistica;Seguridad;Gestion de presupuesto;Promocion;Coordinacion",9,2432,4959
2019-01-16,"Planificacion;Evaluacion;Gestion de presupuesto;Programacion;Seguridad",5,2178,4917
2021-07-22,"Evaluacion;Gestion de presupuesto;Promocion;Seguridad;Planificacion",6,2435,4921
2016-05-04,"Planificacion;Seguridad;Comunicacion;Logistica;Coordinacion",2,3284,4890
2001-09-13,"Evaluacion;Seguridad;Gestion de presupuesto;Logistica;Promocion",9,1166,4879
2005-07-18,"Planificacion;Programacion;Gestion de presupuesto;Logistica;Comunicacion",8,1314,4924
2021-10-30,"Planificacion;Programacion;Coordinacion;Logistica;Gestion de presupuesto",7,617,4939
2011-10-29,"Planificacion;Contratacion;Coordinacion;Programacion;Comunicacion",1,1245,4956
2010-02-22,"Promocion;Contratacion;Programacion;Comunicacion;Coordinacion",8,1225,4934
2002-10-29,"Coordinacion;Seguridad;Planificacion;Programacion;Gestion de presupuesto",3,99,4864
2007-11-01,"Gestion de presupuesto;Promocion;Comunicacion;Contratacion;Evaluacion",4,1920,4936
2021-11-12,"Promocion;Comunicacion;Contratacion;Programacion;Evaluacion",3,4190,4875
2004-01-20,"Contratacion;Programacion;Promocion;Evaluacion;Logistica",8,3112,4890
2000-11-06,"Planificacion;Promocion;Comunicacion;Evaluacion;Logistica",8,4155,4959
2015-08-19,"Logistica;Comunicacion;Contratacion;Evaluacion;Promocion",3,2896,4912
2004-06-29,"Programacion;Planificacion;Logistica;Comunicacion;Seguridad",10,121,4942
2022-09-21,"Gestion de presupuesto;Programacion;Seguridad;Planificacion;Logistica",1,376,4906
2007-08-05,"Coordinacion;Planificacion;Evaluacion;Programacion;Logistica",3,3460,4899
2000-07-12,"Comunicacion;Planificacion;Programacion;Contratacion;Promocion",9,381,4901
2011-10-31,"Seguridad;Planificacion;Comunicacion;Promocion;Gestion de presupuesto",6,3495,4927
2020-07-26,"Planificacion;Comunicacion;Evaluacion;Programacion;Contratacion",4,431,4906
2018-02-20,"Seguridad;Comunicacion;Promocion;Evaluacion;Programacion",3,3171,4955
2009-05-05,"Programacion;Gestion de presupuesto;Promocion;Comunicacion;Logistica",1,3702,4928
2001-09-01,"Promocion;Logistica;Coordinacion;Comunicacion;Evaluacion",2,3604,4956
2023-03-13,"Logistica;Promocion;Evaluacion;Gestion de presupuesto;Programacion",1,2637,4925
2007-10-17,"Promocion;Gestion de presupuesto;Planificacion;Seguridad;Programacion",6,1142,4936
2000-01-11,"Planificacion;Logistica;Evaluacion;Promocion;Comunicacion",2,538,4879
2008-02-28,"Comunicacion;Seguridad;Programacion;Evaluacion;Planificacion",5,732,4875
2004-07-16,"Evaluacion;Comunicacion;Seguridad;Gestion de presupuesto;Logistica",4,1605,4915
2013-11-22,"Planificacion;Logistica;Programacion;Comunicacion;Contratacion",3,1512,4913
2001-07-25,"Coordinacion;Contratacion;Comunicacion;Evaluacion;Seguridad",9,714,4918
2004-08-05,"Evaluacion;Logistica;Programacion;Comunicacion;Seguridad",5,2860,4969
2022-06-26,"Programacion;Logistica;Seguridad;Coordinacion;Contratacion",4,62,4928
2022-07-09,"Logistica;Promocion;Coordinacion;Planificacion;Seguridad",3,3549,4929
2015-07-18,"Planificacion;Contratacion;Evaluacion;Promocion;Comunicacion",7,24,4885
2008-01-27,"Seguridad;Coordinacion;Programacion;Comunicacion;Promocion",3,2854,4959
2008-08-08,"Planificacion;Evaluacion;Comunicacion;Gestion de presupuesto;Programacion",2,1471,4964
2019-02-28,"Programacion;Comunicacion;Seguridad;Planificacion;Promocion",2,1100,4960
2018-07-07,"Comunicacion;Coordinacion;Seguridad;Planificacion;Logistica",1,4342,4939
2003-04-21,"Evaluacion;Programacion;Contratacion;Gestion de presupuesto;Comunicacion",5,3066,4858
2022-06-23,"Gestion de presupuesto;Contratacion;Coordinacion;Comunicacion;Programacion",9,3315,4958
2001-12-19,"Logistica;Promocion;Gestion de presupuesto;Evaluacion;Contratacion",7,1152,4930
2007-09-25,"Promocion;Comunicacion;Contratacion;Programacion;Seguridad",6,3753,4885
2012-09-08,"Contratacion;Comunicacion;Evaluacion;Gestion de presupuesto;Coordinacion",9,1431,4890
2005-12-05,"Programacion;Evaluacion;Comunicacion;Promocion;Planificacion",5,2038,4904
2008-10-15,"Coordinacion;Comunicacion;Promocion;Planificacion;Gestion de presupuesto",10,1692,4872
2008-07-08,"Comunicacion;Evaluacion;Seguridad;Gestion de presupuesto;Coordinacion",8,702,4865
2019-12-11,"Contratacion;Programacion;Gestion de presupuesto;Promocion;Coordinacion",6,2515,4925
2016-11-14,"Evaluacion;Logistica;Gestion de presupuesto;Promocion;Coordinacion",3,2051,4916
2017-06-11,"Promocion;Planificacion;Comunicacion;Contratacion;Logistica",8,2082,4876
2001-02-03,"Evaluacion;Coordinacion;Seguridad;Gestion de presupuesto;Programacion",6,449,4906
2019-07-21,"Evaluacion;Contratacion;Seguridad;Coordinacion;Comunicacion",3,4091,4912
2021-12-20,"Seguridad;Planificacion;Logistica;Gestion de presupuesto;Evaluacion",7,695,4888
2019-09-10,"Programacion;Gestion de presupuesto;Coordinacion;Contratacion;Planificacion",3,111,4954
2022-04-14,"Promocion;Gestion de presupuesto;Coordinacion;Evaluacion;Comunicacion",6,1639,4954
2007-08-06,"Promocion;Logistica;Gestion de presupuesto;Evaluacion;Comunicacion",1,2657,4909
2003-07-30,"Programacion;Logistica;Planificacion;Comunicacion;Evaluacion",8,2484,4922
2012-04-20,"Contratacion;Promocion;Logistica;Planificacion;Gestion de presupuesto",6,2238,4941
2016-03-15,"Evaluacion;Contratacion;Planificacion;Seguridad;Promocion",1,922,4893
2006-08-19,"Promocion;Seguridad;Coordinacion;Planificacion;Gestion de presupuesto",9,2233,4856
2007-12-27,"Seguridad;Coordinacion;Logistica;Promocion;Comunicacion",8,4391,4912
2015-09-24,"Promocion;Comunicacion;Programacion;Coordinacion;Contratacion",4,1994,4871
2017-01-19,"Planificacion;Logistica;Seguridad;Contratacion;Programacion",9,2616,4883
2011-01-13,"Promocion;Logistica;Contratacion;Gestion de presupuesto;Programacion",10,1986,4957
2013-11-19,"Programacion;Promocion;Planificacion;Coordinacion;Evaluacion",9,802,4900
2001-04-11,"Gestion de presupuesto;Programacion;Evaluacion;Planificacion;Comunicacion",7,500,4855
2019-01-14,"Promocion;Programacion;Planificacion;Seguridad;Evaluacion",2,1576,4927
2023-02-12,"Contratacion;Coordinacion;Programacion;Seguridad;Planificacion",10,3962,4905
2022-05-21,"Coordinacion;Logistica;Planificacion;Contratacion;Evaluacion",3,1676,4969
2023-10-15,"Gestion de presupuesto;Seguridad;Coordinacion;Promocion;Contratacion",8,970,4904
2019-09-16,"Logistica;Seguridad;Promocion;Evaluacion;Planificacion",5,448,4960
2013-06-14,"Seguridad;Programacion;Comunicacion;Promocion;Logistica",6,4296,4958
2006-11-16,"Gestion de presupuesto;Comunicacion;Coordinacion;Planificacion;Seguridad",10,883,4947
2000-03-29,"Contratacion;Planificacion;Logistica;Promocion;Comunicacion",2,2071,4968
2001-06-23,"Gestion de presupuesto;Contratacion;Coordinacion;Comunicacion;Logistica",7,680,4965
2002-02-18,"Evaluacion;Contratacion;Coordinacion;Gestion de presupuesto;Planificacion",3,1512,4961
2010-02-28,"Gestion de presupuesto;Promocion;Evaluacion;Planificacion;Comunicacion",2,693,4861
2008-10-04,"Planificacion;Seguridad;Evaluacion;Gestion de presupuesto;Logistica",1,2947,4919
2011-12-20,"Comunicacion;Seguridad;Programacion;Contratacion;Evaluacion",8,1645,4902
2023-01-13,"Comunicacion;Promocion;Contratacion;Programacion;Evaluacion",6,2241,4969
2023-03-25,"Planificacion;Seguridad;Promocion;Logistica;Gestion de presupuesto",9,521,4961
2006-08-11,"Logistica;Seguridad;Gestion de presupuesto;Evaluacion;Contratacion",7,423,4915
2010-04-19,"Contratacion;Seguridad;Gestion de presupuesto;Promocion;Planificacion",3,3138,4946
2020-11-20,"Seguridad;Programacion;Gestion de presupuesto;Logistica;Evaluacion",5,4083,4870
2024-02-05,"Logistica;Seguridad;Gestion de presupuesto;Comunicacion;Contratacion",3,3856,4913
2000-03-08,"Gestion de presupuesto;Promocion;Contratacion;Coordinacion;Evaluacion",10,3265,4952
2010-01-04,"Seguridad;Contratacion;Logistica;Evaluacion;Coordinacion",9,360,4924
2014-12-14,"Planificacion;Gestion de presupuesto;Promocion;Contratacion;Programacion",5,295,4910
2010-05-08,"Gestion de presupuesto;Evaluacion;Coordinacion;Promocion;Seguridad",4,2041,4851
2005-04-08,"Evaluacion;Logistica;Gestion de presupuesto;Contratacion;Planificacion",5,647,4936
2003-05-15,"Contratacion;Coordinacion;Logistica;Programacion;Gestion de presupuesto",2,3956,4968
2019-03-08,"Logistica;Seguridad;Gestion de presupuesto;Comunicacion;Programacion",8,1266,4918
2008-09-06,"Contratacion;Evaluacion;Seguridad;Promocion;Logistica",8,1864,4885
2002-07-05,"Contratacion;Evaluacion;Programacion;Promocion;Gestion de presupuesto",2,2565,4956
2015-12-18,"Gestion de presupuesto;Evaluacion;Promocion;Comunicacion;Coordinacion",5,2731,4896
2022-01-13,"Promocion;Gestion de presupuesto;Seguridad;Contratacion;Logistica",9,3142,4967
2021-07-04,"Contratacion;Comunicacion;Evaluacion;Programacion;Logistica",10,550,4868
2020-06-01,"Programacion;Evaluacion;Coordinacion;Gestion de presupuesto;Promocion",1,4198,4850
2018-08-14,"Planificacion;Seguridad;Contratacion;Logistica;Gestion de presupuesto",3,2386,4919
2018-03-05,"Coordinacion;Contratacion;Planificacion;Gestion de presupuesto;Programacion",1,289,4914
2018-05-10,"Logistica;Gestion de presupuesto;Promocion;Evaluacion;Planificacion",1,2451,4913
2016-06-23,"Coordinacion;Programacion;Seguridad;Comunicacion;Contratacion",8,323,4941
2001-06-12,"Evaluacion;Promocion;Contratacion;Planificacion;Comunicacion",4,3233,4854
2016-07-07,"Coordinacion;Comunicacion;Contratacion;Programacion;Gestion de presupuesto",10,1210,4896
2008-12-28,"Programacion;Planificacion;Gestion de presupuesto;Comunicacion;Contratacion",1,448,4938
2020-01-20,"Coordinacion;Evaluacion;Seguridad;Planificacion;Gestion de presupuesto",2,663,4955
2021-02-06,"Logistica;Planificacion;Programacion;Promocion;Evaluacion",5,2690,4924
2001-04-22,"Promocion;Logistica;Gestion de presupuesto;Programacion;Comunicacion",8,3888,4963
2021-09-19,"Logistica;Evaluacion;Seguridad;Gestion de presupuesto;Promocion",6,4449,4866
2014-08-11,"Promocion;Evaluacion;Planificacion;Coordinacion;Comunicacion",10,2742,4900
2009-01-20,"Logistica;Promocion;Comunicacion;Programacion;Coordinacion",3,1600,4937
2023-06-12,"Coordinacion;Gestion de presupuesto;Logistica;Seguridad;Comunicacion",3,1948,4883
2018-05-03,"Logistica;Planificacion;Promocion;Evaluacion;Comunicacion",9,1468,4962
2014-09-05,"Contratacion;Coordinacion;Planificacion;Logistica;Comunicacion",6,849,4926
2018-03-17,"Contratacion;Programacion;Gestion de presupuesto;Coordinacion;Promocion",10,3138,4898
2016-01-15,"Contratacion;Promocion;Programacion;Gestion de presupuesto;Logistica",1,350,4927
2008-06-07,"Seguridad;Programacion;Logistica;Gestion de presupuesto;Evaluacion",1,2189,4943
2017-05-22,"Promocion;Coordinacion;Seguridad;Contratacion;Programacion",7,542,4880
2009-01-19,"Planificacion;Comunicacion;Gestion de presupuesto;Evaluacion;Promocion",3,676,4904
2021-09-16,"Evaluacion;Programacion;Planificacion;Gestion de presupuesto;Seguridad",2,2784,4865
2019-03-02,"Logistica;Contratacion;Promocion;Coordinacion;Seguridad",8,1177,4930
2001-11-08,"Seguridad;Evaluacion;Comunicacion;Contratacion;Planificacion",1,2730,4950
2011-06-09,"Evaluacion;Gestion de presupuesto;Logistica;Comunicacion;Contratacion",2,1037,4890
2018-12-15,"Evaluacion;Promocion;Gestion de presupuesto;Contratacion;Logistica",3,3576,4952
2004-02-29,"Programacion;Comunicacion;Evaluacion;Promocion;Seguridad",2,197,4862
2008-09-19,"Comunicacion;Gestion de presupuesto;Seguridad;Contratacion;Promocion",3,3912,4958
2016-04-12,"Logistica;Seguridad;Planificacion;Gestion de presupuesto;Coordinacion",5,396,4856
2000-11-10,"Promocion;Coordinacion;Contratacion;Planificacion;Seguridad",7,798,4963
2003-12-09,"Gestion de presupuesto;Promocion;Coordinacion;Planificacion;Comunicacion",4,3901,4956
2012-06-25,"Evaluacion;Seguridad;Planificacion;Comunicacion;Programacion",2,3895,4853
2010-03-05,"Planificacion;Coordinacion;Gestion de presupuesto;Promocion;Programacion",1,3666,4893
2001-06-29,"Gestion de presupuesto;Comunicacion;Programacion;Planificacion;Contratacion",9,4305,4857
2002-08-09,"Comunicacion;Evaluacion;Seguridad;Promocion;Planificacion",2,1110,4932
2004-01-10,"Logistica;Comunicacion;Planificacion;Promocion;Seguridad",6,3676,4918
2020-02-10,"Planificacion;Logistica;Coordinacion;Gestion de presupuesto;Contratacion",9,2280,4858
2008-12-05,"Evaluacion;Planificacion;Promocion;Coordinacion;Contratacion",2,1339,4969
2017-08-04,"Contratacion;Gestion de presupuesto;Planificacion;Logistica;Evaluacion",1,3567,4906
2014-04-18,"Planificacion;Comunicacion;Contratacion;Seguridad;Gestion de presupuesto",2,3448,4923
2011-05-03,"Contratacion;Programacion;Promocion;Gestion de presupuesto;Comunicacion",10,1002,4861
2021-04-29,"Logistica;Coordinacion;Contratacion;Planificacion;Seguridad",2,2545,4894
2018-06-14,"Comunicacion;Contratacion;Evaluacion;Programacion;Seguridad",6,4457,4871
2005-08-21,"Planificacion;Seguridad;Promocion;Logistica;Evaluacion",4,1049,4868
2008-03-09,"Contratacion;Gestion de presupuesto;Evaluacion;Planificacion;Comunicacion",1,890,4957
2020-09-28,"Contratacion;Evaluacion;Programacion;Promocion;Seguridad",5,3204,4920
2001-12-03,"Logistica;Seguridad;Gestion de presupuesto;Promocion;Contratacion",4,4196,4939
2023-03-08,"Planificacion;Seguridad;Comunicacion;Promocion;Evaluacion",4,4307,4941
2008-02-22,"Programacion;Logistica;Promocion;Seguridad;Contratacion",8,603,4934
2012-02-22,"Logistica;Contratacion;Seguridad;Gestion de presupuesto;Evaluacion",10,1577,4914
2004-04-03,"Programacion;Comunicacion;Seguridad;Promocion;Gestion de presupuesto",2,183,4871
2013-10-03,"Promocion;Comunicacion;Contratacion;Coordinacion;Logistica",1,2787,4872
2005-07-08,"Planificacion;Contratacion;Gestion de presupuesto;Coordinacion;Evaluacion",6,3505,4907
2010-04-26,"Coordinacion;Logistica;Evaluacion;Comunicacion;Seguridad",5,783,4872
2022-01-26,"Planificacion;Coordinacion;Programacion;Gestion de presupuesto;Evaluacion",8,2337,4865
2008-02-28,"Coordinacion;Evaluacion;Logistica;Gestion de presupuesto;Contratacion",10,1358,4938
2023-12-10,"Evaluacion;Comunicacion;Programacion;Coordinacion;Logistica",8,482,4947
2023-05-15,"Gestion de presupuesto;Coordinacion;Logistica;Promocion;Seguridad",5,3865,4888
2023-12-02,"Comunicacion;Programacion;Seguridad;Gestion de presupuesto;Contratacion",5,1137,4903
2016-08-26,"Evaluacion;Programacion;Contratacion;Seguridad;Promocion",9,3738,4958
2023-02-11,"Contratacion;Promocion;Planificacion;Logistica;Coordinacion",4,2476,4876
2011-03-21,"Evaluacion;Seguridad;Gestion de presupuesto;Contratacion;Comunicacion",7,99,4902
2018-10-14,"Planificacion;Promocion;Contratacion;Logistica;Comunicacion",6,1652,4908
2008-07-04,"Planificacion;Coordinacion;Contratacion;Evaluacion;Logistica",1,3836,4882
2000-12-17,"Evaluacion;Programacion;Contratacion;Seguridad;Comunicacion",6,715,4959
2021-02-18,"Gestion de presupuesto;Programacion;Contratacion;Coordinacion;Comunicacion",9,3585,4875
2020-08-06,"Coordinacion;Planificacion;Contratacion;Promocion;Programacion",9,365,4944
2017-12-30,"Programacion;Gestion de presupuesto;Logistica;Promocion;Comunicacion",2,2013,4882
2023-01-12,"Contratacion;Comunicacion;Coordinacion;Promocion;Planificacion",7,201,4961
2008-12-29,"Seguridad;Planificacion;Gestion de presupuesto;Logistica;Programacion",6,4359,4942
2021-03-21,"Seguridad;Programacion;Gestion de presupuesto;Coordinacion;Logistica",3,1276,4867
2022-03-06,"Evaluacion;Programacion;Logistica;Coordinacion;Contratacion",1,4145,4858
2024-02-14,"Comunicacion;Planificacion;Logistica;Promocion;Evaluacion",1,2796,4945
2011-05-14,"Evaluacion;Comunicacion;Contratacion;Planificacion;Logistica",8,1739,4937
2023-03-05,"Evaluacion;Comunicacion;Coordinacion;Planificacion;Programacion",5,2111,4850
2000-03-03,"Coordinacion;Programacion;Comunicacion;Contratacion;Seguridad",8,422,4898
2008-08-12,"Contratacion;Comunicacion;Seguridad;Logistica;Gestion de presupuesto",1,1463,4907
2021-04-02,"Logistica;Seguridad;Gestion de presupuesto;Contratacion;Comunicacion",6,1443,4905
2009-08-13,"Coordinacion;Contratacion;Promocion;Gestion de presupuesto;Logistica",2,1538,4886
2002-07-19,"Planificacion;Gestion de presupuesto;Promocion;Comunicacion;Seguridad",8,1339,4930
2008-12-22,"Gestion de presupuesto;Comunicacion;Planificacion;Promocion;Evaluacion",1,3064,4892
2008-03-15,"Promocion;Coordinacion;Seguridad;Logistica;Programacion",10,687,4934
2009-02-04,"Comunicacion;Gestion de presupuesto;Programacion;Seguridad;Promocion",3,2478,4927
2013-07-07,"Evaluacion;Comunicacion;Contratacion;Promocion;Planificacion",6,1547,4897
2006-02-12,"Contratacion;Programacion;Comunicacion;Gestion de presupuesto;Logistica",10,1548,4850
2008-08-05,"Gestion de presupuesto;Programacion;Comunicacion;Seguridad;Planificacion",6,329,4937
2017-02-07,"Promocion;Contratacion;Evaluacion;Programacion;Gestion de presupuesto",4,3075,4966
2008-12-07,"Contratacion;Evaluacion;Coordinacion;Programacion;Promocion",2,1236,4918
2002-05-15,"Contratacion;Programacion;Comunicacion;Evaluacion;Promocion",10,2040,4899
2015-12-07,"Contratacion;Planificacion;Evaluacion;Coordinacion;Programacion",8,683,4931
2021-10-12,"Planificacion;Logistica;Contratacion;Promocion;Seguridad",6,1338,4938
2009-09-08,"Programacion;Logistica;Promocion;Seguridad;Contratacion",3,2904,4909
2003-07-31,"Planificacion;Evaluacion;Comunicacion;Coordinacion;Promocion",9,231,4885
2021-12-20,"Seguridad;Comunicacion;Logistica;Contratacion;Gestion de presupuesto",3,2170,4884
2017-03-19,"Comunicacion;Logistica;Seguridad;Planificacion;Promocion",2,405,4939
2001-07-24,"Logistica;Coordinacion;Seguridad;Comunicacion;Planificacion",7,2540,4923
2007-09-19,"Gestion de presupuesto;Promocion;Seguridad;Evaluacion;Coordinacion",6,2739,4962
2023-12-18,"Seguridad;Planificacion;Logistica;Contratacion;Comunicacion",8,4466,4893
2013-05-19,"Coordinacion;Logistica;Contratacion;Planificacion;Comunicacion",1,2778,4870
2004-08-11,"Seguridad;Planificacion;Logistica;Contratacion;Comunicacion",7,2360,4901
2019-04-07,"Programacion;Comunicacion;Gestion de presupuesto;Promocion;Planificacion",7,2113,4868
2001-08-10,"Gestion de presupuesto;Comunicacion;Seguridad;Programacion;Logistica",1,1513,4946
2000-11-23,"Logistica;Contratacion;Gestion de presupuesto;Coordinacion;Evaluacion",1,3687,4908
2013-05-25,"Programacion;Logistica;Evaluacion;Gestion de presupuesto;Promocion",1,964,4858
2023-10-04,"Coordinacion;Evaluacion;Promocion;Planificacion;Logistica",6,3192,4880
2019-02-02,"Programacion;Gestion de presupuesto;Evaluacion;Logistica;Contratacion",3,2055,4930
2011-08-01,"Logistica;Promocion;Gestion de presupuesto;Coordinacion;Seguridad",7,3024,4891
2011-05-09,"Evaluacion;Programacion;Contratacion;Planificacion;Coordinacion",2,4451,4869
2019-03-31,"Comunicacion;Logistica;Promocion;Coordinacion;Evaluacion",3,3323,4862
2018-06-03,"Contratacion;Gestion de presupuesto;Programacion;Planificacion;Comunicacion",10,1131,4958
2021-08-29,"Logistica;Evaluacion;Seguridad;Gestion de presupuesto;Planificacion",10,2840,4951
2021-06-20,"Evaluacion;Planificacion;Promocion;Coordinacion;Logistica",6,383,4929
2016-09-11,"Seguridad;Comunicacion;Planificacion;Gestion de presupuesto;Contratacion",7,2683,4934
2016-10-24,"Promocion;Contratacion;Planificacion;Logistica;Comunicacion",4,3315,4932
2013-10-31,"Promocion;Logistica;Gestion de presupuesto;Programacion;Contratacion",1,2967,4874
2017-07-01,"Seguridad;Coordinacion;Contratacion;Comunicacion;Planificacion",7,858,4859
2005-05-02,"Comunicacion;Logistica;Programacion;Contratacion;Seguridad",6,4334,4872
2002-04-10,"Contratacion;Planificacion;Seguridad;Programacion;Evaluacion",9,3128,4880
2016-08-13,"Logistica;Gestion de presupuesto;Seguridad;Evaluacion;Comunicacion",10,4462,4882
2017-10-22,"Coordinacion;Comunicacion;Programacion;Evaluacion;Logistica",10,3730,4967
2011-11-11,"Contratacion;Promocion;Planificacion;Coordinacion;Comunicacion",8,3934,4922
2010-05-13,"Logistica;Evaluacion;Comunicacion;Planificacion;Seguridad",7,132,4895
2015-06-07,"Logistica;Seguridad;Planificacion;Contratacion;Programacion",2,1415,4920
2009-10-29,"Evaluacion;Programacion;Comunicacion;Seguridad;Coordinacion",2,1773,4916
2008-11-23,"Coordinacion;Evaluacion;Seguridad;Contratacion;Planificacion",1,1518,4899
2001-06-15,"Planificacion;Contratacion;Seguridad;Promocion;Logistica",9,228,4949
2020-07-27,"Planificacion;Gestion de presupuesto;Coordinacion;Comunicacion;Contratacion",8,4197,4911
2021-04-10,"Planificacion;Contratacion;Evaluacion;Seguridad;Gestion de presupuesto",2,236,4933
2014-01-25,"Contratacion;Coordinacion;Evaluacion;Planificacion;Comunicacion",3,766,4863
2010-01-19,"Logistica;Programacion;Contratacion;Seguridad;Promocion",3,3886,4952
2013-05-02,"Gestion de presupuesto;Comunicacion;Seguridad;Coordinacion;Promocion",7,2177,4933
2013-12-04,"Logistica;Promocion;Planificacion;Contratacion;Comunicacion",3,1377,4927
2024-03-14,"Coordinacion;Planificacion;Promocion;Programacion;Gestion de presupuesto",10,919,4923
2020-08-14,"Contratacion;Logistica;Gestion de presupuesto;Coordinacion;Promocion",6,2045,4907
2013-12-23,"Coordinacion;Promocion;Programacion;Logistica;Comunicacion",10,4346,4944
2005-02-13,"Seguridad;Coordinacion;Contratacion;Logistica;Comunicacion",10,817,4964
2011-08-11,"Logistica;Seguridad;Contratacion;Planificacion;Gestion de presupuesto",7,2470,4951
2005-07-12,"Coordinacion;Programacion;Comunicacion;Planificacion;Promocion",5,1127,4892
2001-01-15,"Coordinacion;Comunicacion;Programacion;Promocion;Contratacion",8,1796,4902
2022-10-08,"Promocion;Programacion;Seguridad;Coordinacion;Comunicacion",3,226,4958
2012-02-14,"Coordinacion;Comunicacion;Gestion de presupuesto;Planificacion;Seguridad",4,2632,4865
2000-03-03,"Programacion;Logistica;Evaluacion;Comunicacion;Contratacion",6,3262,4883
2010-01-21,"Contratacion;Promocion;Programacion;Coordinacion;Comunicacion",9,923,4931
2024-01-20,"Programacion;Planificacion;Promocion;Evaluacion;Coordinacion",8,2256,4963
2005-06-04,"Logistica;Gestion de presupuesto;Planificacion;Coordinacion;Programacion",10,2148,4949
2016-01-09,"Programacion;Planificacion;Logistica;Contratacion;Evaluacion",6,964,4925
2012-01-28,"Contratacion;Comunicacion;Coordinacion;Promocion;Seguridad",9,2128,4959
2016-10-25,"Comunicacion;Programacion;Contratacion;Promocion;Coordinacion",5,3192,4941
2019-06-12,"Comunicacion;Logistica;Evaluacion;Coordinacion;Promocion",10,1904,4859
2016-09-08,"Contratacion;Coordinacion;Planificacion;Comunicacion;Gestion de presupuesto",4,4326,4967
2001-06-19,"Coordinacion;Programacion;Seguridad;Evaluacion;Promocion",5,118,4855
2012-05-09,"Programacion;Promocion;Seguridad;Gestion de presupuesto;Contratacion",1,328,4926
2015-12-26,"Seguridad;Planificacion;Evaluacion;Comunicacion;Gestion de presupuesto",4,331,4968
2022-09-03,"Gestion de presupuesto;Seguridad;Comunicacion;Contratacion;Logistica",3,1477,4922
2023-01-13,"Programacion;Gestion de presupuesto;Evaluacion;Contratacion;Logistica",9,3716,4870
2002-07-28,"Programacion;Coordinacion;Gestion de presupuesto;Planificacion;Contratacion",7,2616,4884
2019-09-24,"Evaluacion;Seguridad;Programacion;Contratacion;Logistica",3,101,4918
2007-12-16,"Seguridad;Contratacion;Planificacion;Programacion;Promocion",9,2455,4958
2016-06-04,"Promocion;Planificacion;Seguridad;Evaluacion;Comunicacion",10,1379,4936
2014-09-04,"Logistica;Gestion de presupuesto;Promocion;Evaluacion;Seguridad",7,3858,4940
2010-09-19,"Logistica;Promocion;Seguridad;Programacion;Evaluacion",7,3754,4867
2015-03-21,"Gestion de presupuesto;Comunicacion;Coordinacion;Seguridad;Promocion",1,1399,4883
2016-11-27,"Promocion;Planificacion;Seguridad;Programacion;Coordinacion",4,2211,4924
2012-04-18,"Planificacion;Logistica;Programacion;Promocion;Evaluacion",2,3226,4918
2012-08-28,"Logistica;Comunicacion;Gestion de presupuesto;Planificacion;Coordinacion",9,3422,4962
2002-03-03,"Seguridad;Contratacion;Evaluacion;Logistica;Coordinacion",5,3751,4867
2016-12-14,"Comunicacion;Contratacion;Coordinacion;Logistica;Seguridad",10,4151,4943
2014-11-13,"Evaluacion;Contratacion;Logistica;Planificacion;Promocion",10,1018,4854
2020-04-10,"Evaluacion;Planificacion;Contratacion;Coordinacion;Comunicacion",7,2399,4878
2017-04-11,"Contratacion;Comunicacion;Evaluacion;Seguridad;Planificacion",9,2129,4887
2013-11-20,"Planificacion;Seguridad;Promocion;Programacion;Coordinacion",5,2997,4893
2013-04-06,"Contratacion;Evaluacion;Logistica;Promocion;Coordinacion",3,1397,4861
2010-04-21,"Coordinacion;Planificacion;Promocion;Contratacion;Logistica",10,466,4933
2021-04-18,"Logistica;Planificacion;Comunicacion;Gestion de presupuesto;Seguridad",2,2166,4964
2014-10-16,"Coordinacion;Gestion de presupuesto;Promocion;Comunicacion;Programacion",2,293,4946
2009-07-06,"Logistica;Comunicacion;Planificacion;Coordinacion;Evaluacion",10,247,4941
2016-02-09,"Gestion de presupuesto;Coordinacion;Evaluacion;Comunicacion;Promocion",4,557,4945
2003-06-28,"Evaluacion;Comunicacion;Programacion;Logistica;Coordinacion",9,2101,4870
2018-01-26,"Evaluacion;Comunicacion;Programacion;Planificacion;Logistica",9,2399,4952
2024-02-02,"Promocion;Logistica;Planificacion;Contratacion;Coordinacion",5,2441,4909
2008-09-18,"Promocion;Evaluacion;Coordinacion;Contratacion;Planificacion",9,1527,4912
2015-11-21,"Gestion de presupuesto;Programacion;Planificacion;Comunicacion;Coordinacion",6,3613,4915
2011-08-20,"Planificacion;Programacion;Logistica;Gestion de presupuesto;Comunicacion",8,1300,4933
2021-05-19,"Promocion;Planificacion;Evaluacion;Seguridad;Logistica",7,881,4903
2001-05-23,"Planificacion;Contratacion;Evaluacion;Gestion de presupuesto;Comunicacion",5,983,4852
2000-07-24,"Seguridad;Evaluacion;Programacion;Planificacion;Coordinacion",7,721,4965
2018-05-16,"Logistica;Comunicacion;Contratacion;Gestion de presupuesto;Programacion",6,4156,4891
2018-11-12,"Gestion de presupuesto;Coordinacion;Evaluacion;Logistica;Programacion",8,1763,4919
2015-04-26,"Coordinacion;Contratacion;Gestion de presupuesto;Promocion;Evaluacion",3,379,4922
2022-05-04,"Comunicacion;Gestion de presupuesto;Evaluacion;Seguridad;Programacion",6,3575,4952
2007-12-28,"Contratacion;Programacion;Comunicacion;Seguridad;Promocion",4,3025,4871
2023-10-14,"Comunicacion;Programacion;Gestion de presupuesto;Coordinacion;Planificacion",6,561,4921
2018-11-06,"Coordinacion;Logistica;Promocion;Evaluacion;Gestion de presupuesto",2,394,4933
2007-12-13,"Planificacion;Promocion;Evaluacion;Contratacion;Comunicacion",7,1687,4903
2007-09-15,"Planificacion;Programacion;Seguridad;Coordinacion;Gestion de presupuesto",9,1505,4911
2011-08-13,"Comunicacion;Evaluacion;Coordinacion;Seguridad;Promocion",6,480,4888
2001-04-29,"Seguridad;Gestion de presupuesto;Coordinacion;Planificacion;Logistica",10,4178,4901
2012-05-27,"Planificacion;Contratacion;Evaluacion;Gestion de presupuesto;Seguridad",2,3128,4853
2002-12-07,"Evaluacion;Logistica;Comunicacion;Gestion de presupuesto;Promocion",5,4494,4929
2021-10-27,"Promocion;Logistica;Gestion de presupuesto;Planificacion;Comunicacion",2,3406,4872
2000-05-10,"Programacion;Promocion;Logistica;Evaluacion;Coordinacion",8,3051,4873
2001-11-19,"Gestion de presupuesto;Coordinacion;Programacion;Contratacion;Promocion",10,4439,4941
2016-04-22,"Coordinacion;Programacion;Evaluacion;Comunicacion;Logistica",7,3207,4885
2000-08-05,"Coordinacion;Gestion de presupuesto;Logistica;Contratacion;Seguridad",5,2167,4889
2008-11-16,"Comunicacion;Evaluacion;Promocion;Planificacion;Seguridad",3,2110,4896
2006-03-20,"Evaluacion;Comunicacion;Seguridad;Gestion de presupuesto;Contratacion",2,3579,4883
2004-07-19,"Programacion;Seguridad;Promocion;Gestion de presupuesto;Contratacion",6,1457,4899
2004-06-16,"Logistica;Seguridad;Evaluacion;Comunicacion;Programacion",4,3537,4928
2011-05-08,"Gestion de presupuesto;Planificacion;Evaluacion;Seguridad;Contratacion",7,1008,4925
2016-09-19,"Comunicacion;Evaluacion;Logistica;Seguridad;Promocion",7,4456,4946
2004-11-29,"Planificacion;Seguridad;Programacion;Comunicacion;Promocion",8,1934,4960
2005-01-12,"Promocion;Programacion;Comunicacion;Planificacion;Evaluacion",5,2970,4959
2006-06-18,"Logistica;Coordinacion;Seguridad;Planificacion;Evaluacion",6,3007,4867
2021-11-22,"Evaluacion;Logistica;Coordinacion;Comunicacion;Promocion",3,1929,4941
2010-01-05,"Comunicacion;Contratacion;Gestion de presupuesto;Planificacion;Programacion",3,241,4863
2021-05-09,"Evaluacion;Logistica;Contratacion;Seguridad;Promocion",10,998,4943
2022-10-27,"Programacion;Coordinacion;Planificacion;Seguridad;Gestion de presupuesto",7,3666,4911
2000-01-15,"Programacion;Contratacion;Promocion;Coordinacion;Gestion de presupuesto",5,1133,4905
2010-04-16,"Programacion;Logistica;Coordinacion;Comunicacion;Planificacion",1,1933,4925
2003-02-28,"Contratacion;Planificacion;Gestion de presupuesto;Comunicacion;Logistica",10,1205,4862
2005-07-06,"Comunicacion;Gestion de presupuesto;Seguridad;Promocion;Coordinacion",4,2957,4939
2003-11-03,"Logistica;Planificacion;Promocion;Coordinacion;Seguridad",5,807,4902
2018-04-01,"Programacion;Promocion;Planificacion;Comunicacion;Evaluacion",8,154,4881
2022-12-08,"Gestion de presupuesto;Comunicacion;Logistica;Programacion;Evaluacion",8,946,4941
2022-04-14,"Gestion de presupuesto;Evaluacion;Coordinacion;Logistica;Programacion",3,3420,4875
2008-04-24,"Logistica;Planificacion;Coordinacion;Programacion;Gestion de presupuesto",4,475,4886
2011-08-13,"Evaluacion;Comunicacion;Seguridad;Promocion;Coordinacion",7,4203,4862
2007-02-13,"Planificacion;Coordinacion;Evaluacion;Comunicacion;Seguridad",3,1299,4950
2008-12-14,"Contratacion;Logistica;Seguridad;Coordinacion;Planificacion",5,1460,4869
2022-06-06,"Comunicacion;Planificacion;Programacion;Coordinacion;Promocion",6,3571,4916
2006-06-28,"Evaluacion;Logistica;Contratacion;Promocion;Programacion",3,4117,4888
2015-07-10,"Logistica;Promocion;Programacion;Seguridad;Gestion de presupuesto",8,2241,4850
2020-06-24,"Comunicacion;Seguridad;Coordinacion;Planificacion;Logistica",9,2298,4918
2014-01-01,"Promocion;Contratacion;Comunicacion;Gestion de presupuesto;Evaluacion",3,428,4923
2005-05-21,"Promocion;Gestion de presupuesto;Contratacion;Evaluacion;Seguridad",4,1794,4940
2001-09-10,"Planificacion;Coordinacion;Logistica;Programacion;Comunicacion",3,2380,4932
2001-10-03,"Programacion;Contratacion;Promocion;Comunicacion;Gestion de presupuesto",4,1660,4949
2020-03-30,"Evaluacion;Contratacion;Gestion de presupuesto;Planificacion;Logistica",7,4111,4866
2021-03-31,"Seguridad;Planificacion;Logistica;Comunicacion;Contratacion",8,3219,4885
2014-05-26,"Programacion;Comunicacion;Coordinacion;Planificacion;Seguridad",1,2923,4863
2008-12-01,"Logistica;Planificacion;Seguridad;Coordinacion;Gestion de presupuesto",4,1460,4893
2017-10-31,"Seguridad;Promocion;Coordinacion;Programacion;Evaluacion",4,2297,4923
2012-05-31,"Programacion;Coordinacion;Planificacion;Gestion de presupuesto;Logistica",10,1324,4856
2009-01-11,"Gestion de presupuesto;Coordinacion;Evaluacion;Programacion;Comunicacion",10,2274,4910
2003-11-18,"Programacion;Planificacion;Coordinacion;Seguridad;Gestion de presupuesto",6,4199,4855
2013-11-08,"Seguridad;Evaluacion;Logistica;Promocion;Contratacion",3,3887,4910
2004-12-09,"Seguridad;Comunicacion;Gestion de presupuesto;Planificacion;Logistica",6,3538,4913
2017-07-22,"Planificacion;Coordinacion;Evaluacion;Comunicacion;Programacion",4,2707,4901
2021-08-08,"Programacion;Promocion;Comunicacion;Seguridad;Evaluacion",5,776,4870
2013-02-18,"Coordinacion;Evaluacion;Seguridad;Programacion;Logistica",1,3313,4903
2011-06-12,"Planificacion;Gestion de presupuesto;Programacion;Logistica;Promocion",10,4491,4933
2022-02-22,"Seguridad;Gestion de presupuesto;Coordinacion;Evaluacion;Planificacion",6,2056,4966
2001-07-11,"Coordinacion;Gestion de presupuesto;Contratacion;Logistica;Seguridad",6,716,4921
2002-12-22,"Gestion de presupuesto;Coordinacion;Logistica;Contratacion;Planificacion",3,3367,4965
2023-01-13,"Evaluacion;Planificacion;Coordinacion;Logistica;Programacion",7,2683,4946
2017-06-28,"Promocion;Planificacion;Contratacion;Comunicacion;Gestion de presupuesto",6,3710,4883
2022-11-26,"Planificacion;Contratacion;Evaluacion;Seguridad;Coordinacion",9,2210,4870
2013-11-26,"Planificacion;Seguridad;Coordinacion;Gestion de presupuesto;Evaluacion",5,4448,4958
2003-02-10,"Seguridad;Contratacion;Comunicacion;Logistica;Planificacion",2,1379,4924
2023-06-27,"Logistica;Comunicacion;Promocion;Coordinacion;Seguridad",9,1960,4863
2019-03-11,"Evaluacion;Gestion de presupuesto;Planificacion;Coordinacion;Seguridad",1,1419,4933
2009-07-27,"Programacion;Logistica;Evaluacion;Planificacion;Seguridad",1,552,4942
2011-07-08,"Evaluacion;Gestion de presupuesto;Logistica;Seguridad;Contratacion",10,3374,4955
2009-12-15,"Gestion de presupuesto;Planificacion;Programacion;Logistica;Seguridad",8,2210,4915
2007-02-01,"Comunicacion;Seguridad;Promocion;Programacion;Planificacion",1,3945,4880
2023-04-02,"Coordinacion;Planificacion;Seguridad;Logistica;Programacion",7,115,4898
2010-03-04,"Seguridad;Coordinacion;Planificacion;Programacion;Evaluacion",10,4358,4952
2010-07-29,"Evaluacion;Logistica;Coordinacion;Programacion;Contratacion",2,2900,4945
2017-02-15,"Planificacion;Logistica;Evaluacion;Programacion;Promocion",4,1799,4876
2007-07-21,"Coordinacion;Programacion;Evaluacion;Gestion de presupuesto;Seguridad",7,4149,4917
2017-07-13,"Planificacion;Programacion;Coordinacion;Gestion de presupuesto;Comunicacion",6,2174,4960
2000-10-28,"Promocion;Coordinacion;Seguridad;Contratacion;Logistica",10,1668,4917
2016-12-13,"Comunicacion;Evaluacion;Planificacion;Logistica;Seguridad",10,558,4894
2021-09-18,"Promocion;Logistica;Comunicacion;Programacion;Evaluacion",6,2328,4936
2019-02-03,"Contratacion;Planificacion;Programacion;Comunicacion;Gestion de presupuesto",6,3533,4912
2004-09-05,"Evaluacion;Logistica;Programacion;Coordinacion;Seguridad",2,2427,4898
2015-12-04,"Comunicacion;Logistica;Gestion de presupuesto;Contratacion;Evaluacion",7,4058,4967
2017-08-07,"Programacion;Seguridad;Promocion;Planificacion;Coordinacion",4,2930,4943
2023-12-24,"Promocion;Gestion de presupuesto;Planificacion;Coordinacion;Comunicacion",10,587,4853
2006-06-18,"Gestion de presupuesto;Promocion;Coordinacion;Planificacion;Logistica",4,1519,4893
2017-04-22,"Evaluacion;Programacion;Promocion;Logistica;Coordinacion",1,559,4898
2006-02-09,"Comunicacion;Programacion;Seguridad;Coordinacion;Contratacion",10,4408,4943
2015-02-24,"Promocion;Gestion de presupuesto;Evaluacion;Planificacion;Contratacion",9,3885,4917
2019-06-30,"Planificacion;Programacion;Contratacion;Logistica;Evaluacion",2,2311,4960
2001-03-11,"Planificacion;Seguridad;Contratacion;Comunicacion;Coordinacion",6,1322,4902
2010-08-21,"Gestion de presupuesto;Seguridad;Comunicacion;Evaluacion;Logistica",7,1296,4963
2007-08-07,"Promocion;Programacion;Planificacion;Contratacion;Evaluacion",2,4070,4913
2007-09-06,"Promocion;Seguridad;Coordinacion;Contratacion;Planificacion",3,4153,4860
2019-09-25,"Gestion de presupuesto;Coordinacion;Contratacion;Evaluacion;Programacion",5,4154,4961
2015-09-23,"Programacion;Evaluacion;Coordinacion;Promocion;Seguridad",5,2910,4927
2011-07-02,"Gestion de presupuesto;Planificacion;Comunicacion;Seguridad;Promocion",7,1611,4957
2005-04-03,"Comunicacion;Logistica;Seguridad;Contratacion;Evaluacion",6,408,4850
2007-11-21,"Gestion de presupuesto;Evaluacion;Comunicacion;Planificacion;Promocion",6,1419,4947
2021-04-18,"Planificacion;Seguridad;Evaluacion;Promocion;Logistica",8,3267,4956
2006-10-14,"Logistica;Coordinacion;Contratacion;Evaluacion;Programacion",8,797,4946
2002-12-12,"Logistica;Seguridad;Coordinacion;Planificacion;Comunicacion",3,1086,4897
2002-05-09,"Programacion;Logistica;Evaluacion;Coordinacion;Seguridad",8,2213,4941
2011-05-20,"Promocion;Contratacion;Programacion;Coordinacion;Planificacion",4,4316,4932
2011-12-20,"Comunicacion;Contratacion;Coordinacion;Promocion;Planificacion",8,1549,4959
2016-11-26,"Comunicacion;Seguridad;Promocion;Evaluacion;Contratacion",3,3147,4891
2005-08-03,"Comunicacion;Promocion;Gestion de presupuesto;Evaluacion;Seguridad",5,3170,4882
2014-03-27,"Logistica;Planificacion;Gestion de presupuesto;Comunicacion;Contratacion",5,2956,4962
2007-07-19,"Coordinacion;Contratacion;Evaluacion;Logistica;Gestion de presupuesto",9,3700,4917
2022-05-11,"Seguridad;Programacion;Logistica;Gestion de presupuesto;Coordinacion",2,882,4909
2021-12-19,"Comunicacion;Gestion de presupuesto;Coordinacion;Programacion;Promocion",1,1255,4876
2017-12-21,"Planificacion;Seguridad;Contratacion;Gestion de presupuesto;Promocion",8,6,4857
2017-01-27,"Planificacion;Promocion;Coordinacion;Seguridad;Gestion de presupuesto",8,15,4901
