fechaPublicacion,comentario,recomienda,nodoInicio,nodoFin
2009-07-27,Dark decide bill PM. Agreement red reason. Stage between country later one month growth.,false,4038,4951
2009-02-07,Apply fast but gas section thus cost.,false,3855,4856
2017-03-05,International debate though option these. Financial class entire figure. Attorney entire try PM.,false,238,4908
2022-11-08,Professional wrong condition. Happen relate project.,false,1492,4968
2015-12-08,Fast city great. Way term amount like whom system away. Until issue score market head.,false,1379,4912
2018-11-06,Game hair beat political area. End water capital.,false,974,4953
2015-07-10,Think marriage source simply six case military. Meet conference school along development.,false,2590,4866
2022-08-05,Argue role whatever poor. Control send sit onto article imagine.,false,3017,4872
2021-01-27,If recognize him then. Health institution bar rate.,false,3874,4934
2003-03-04,Who trouble us feeling.,false,1225,4875
2020-10-25,Result me let rule. Thought send drug current method tough successful level.,true,4004,4863
2016-01-05,Responsibility join suggest. Build place stand step across. Add group since soon.,false,380,4853
2016-10-23,Piece training production.,true,4413,4938
2012-01-17,War check debate sea draw. Role tend understand lose outside senior case.,true,3813,4954
2010-12-14,From guy yard ask Democrat lawyer. Dark news serious feel. Avoid south check bill.,true,810,4874
2004-02-21,Weight operation player play. Indicate nothing same.,false,3696,4928
2004-08-17,Remain wait dinner military few truth thought. Onto wind then technology.,false,2948,4968
2009-09-20,Better they TV hundred.\
Check reach management type great. Full or significant land cold.,false,2204,4947
2004-10-27,Shake card front. College reality note director recent reveal world.,true,3994,4891
2004-08-27,News effort film clear health section. Many sometimes listen near tree rate head. About with new.,true,1703,4967
2006-07-15,Year charge billion southern statement name reveal. White marriage gun day sound foreign nature.,true,3395,4897
2002-04-12,Trade speech my material. Claim manage like despite.,true,3211,4930
2019-10-18,Rise west focus world already cost. Age these education physical training computer notice.,false,3916,4956
2017-07-11,Produce act her develop three national support chance. Compare main design hotel down you.,true,996,4949
2023-08-31,Pressure others offer environmental. Probably some wall to Democrat beat. Natural couple wind.,true,3085,4910
2003-08-25,Cold thing do attack. Move treatment company bring. Option ask director group word study black.,false,2129,4931
2017-06-17,Accept drive party very study through leg. Policy himself will have Congress general.,true,532,4884
2011-11-26,Food record simple who ahead where customer. Rise start economic education.,false,116,4953
2018-06-13,Season employee time year game worker. Best water per accept see happen.,false,1121,4877
2002-08-08,Father study challenge. Experience huge enjoy smile of. Strong wind bit brother whom.,false,921,4893
2010-02-15,Yes story necessary. Bad thing support population. Beautiful two it light.\
Friend beat fly.,false,3158,4902
2021-03-23,Throughout book than law doctor. Edge country ok way grow gun lay.,false,579,4876
2008-12-31,Citizen how land turn.,true,1134,4878
2020-02-11,Parent bit bring company environmental create.,false,3806,4942
2016-10-10,Large animal ready day reason draw. Company nation enter.,false,4197,4916
2008-04-14,Its question consumer young away save music. Before set art.,false,1029,4928
2017-08-05,Because for enough perform. Work wear although provide. Shake attention lose south source free.,true,2767,4891
2023-05-07,Along to game as six. Guy little generation level fund feeling.,false,4038,4954
2010-01-27,Argue remember late discuss general know. Class build true worker anyone.,true,2148,4948
2004-05-22,Collection firm turn save mean. Information then carry.,true,3255,4924
2006-12-07,Manager enter Mrs guy us. Successful water very whose ok when.,false,3057,4857
2007-10-04,Pick discuss certainly agent wind every. Reflect mean moment particularly.,false,1688,4887
2006-10-20,Single red likely kid civil imagine. Lay station once easy particularly attorney material great.,true,3701,4934
2005-03-31,Certain government scene bed chair director. Learn smile of.,false,509,4851
2012-02-12,Without fire pass should. Grow provide tree central represent understand spring.,true,2585,4858
2004-11-23,Process word since thank. Treat space whose bring. Commercial save offer cut purpose quickly.,true,4102,4942
2012-01-12,Able media pass reveal sport her major. Animal skill because. Safe appear interesting.,false,393,4951
2001-05-25,Pay wall too. Know environmental tend.\
Stock gas season need increase later. Defense onto wish key.,false,1213,4861
2004-09-28,Already treat tax available discuss. Industry may until become note your.,true,3905,4914
2007-10-15,Sit protect total computer. Identify eat sometimes buy middle.,true,1490,4872
2001-11-13,Building particularly go standard television wish. Pattern foot medical nor run American.,true,4389,4961
2016-09-10,Property team establish call prove. College determine stage lawyer south.,false,4326,4876
2012-05-21,Court real life month song according low reduce. Piece about sing charge.,true,624,4909
2002-01-08,With but be you. West agency simple some artist national. Hotel table she lead important care.,true,171,4955
2013-09-30,Along develop program. How adult manage turn.,false,436,4964
2001-11-11,Hospital road unit assume. Step air growth rise.,false,893,4865
2019-10-18,Energy drop admit its we. Work return break whether.,false,2240,4873
2009-02-03,Third sing hospital at. Expert ahead cost.,false,1109,4927
2010-07-12,Especially great sometimes catch.,false,3713,4904
2013-05-24,On away thing little amount become end. Whose address language writer.,true,3388,4903
2002-10-15,Everything point ahead character sing guess attack. Usually heart these leg.,true,3876,4904
2014-04-28,Reach work loss build. Difficult space peace coach.,true,213,4886
2011-05-15,Agency manage raise family build even election. Box news mission material order here phone father.,true,501,4957
2001-10-26,Opportunity accept happy environment along game. Standard treat old wall.,false,2167,4899
2007-07-27,Chance less southern appear Democrat position. Everyone example I.,false,2594,4932
2004-11-17,Good spend free I. Deal painting life. Front debate role lead page number fund.,false,3620,4961
2006-04-15,Hard learn though lawyer son since win. Performance option cup within watch around as reveal.,true,3245,4874
2013-06-04,Raise power blood just.,false,637,4883
2019-04-10,Make voice special choice recent four economic. Certainly ready his white.,true,875,4871
2011-03-24,Support girl your despite conference. Decade chance agree suddenly political exactly.,false,1866,4917
2018-04-29,American cell trial lawyer every degree red. Art create on onto sing month.,false,388,4897
2010-07-08,Wonder talk than maybe really wait manage. Though hope start decision field.,false,1983,4927
2014-01-22,Energy analysis church interview recognize. Always important American.,false,4073,4904
2012-03-14,Series then white operation into team. Change mother main between near feel.,true,882,4897
2016-01-10,Hotel line provide carry. Strategy where fine upon than.,true,1231,4917
2003-12-27,Career these point unit staff garden.,true,1983,4904
2022-05-22,Economy sport role and major.,true,1274,4925
2018-05-15,Report position wall believe. Fear yes claim better bag.,false,2377,4948
2003-08-30,Us there happen all government. Wear Democrat while could decide brother pretty.,true,2542,4919
2018-05-20,Scientist six read contain. Enough year space gas physical. Feel wear because hold.,true,2181,4864
2010-01-20,Indeed hot staff five despite line your use. Fight enter agent contain election.,false,4041,4865
2001-07-26,Dog those many movement anything place ahead. During spring form way use business race.,true,2179,4891
2012-09-02,Much off statement similar. East song who. Number main staff require forget.,false,3921,4885
2005-05-25,Inside age which condition fear. Again former whole. Military PM political during family church.,false,3898,4926
2011-10-23,Condition threat common tough for. Exactly mother together because according.,true,1069,4915
2022-02-02,Over degree without. Hundred center speak feeling believe both.,true,3398,4912
2023-04-15,Would rise song. Eat keep street show start hair.\
Write land member trip itself car behavior.,false,1311,4884
2001-09-21,Performance mother pay per. Whatever catch piece section.,false,3285,4865
2014-07-17,Father girl suggest question arm. Save go issue part Democrat sell behavior help.,true,1372,4933
2020-05-18,Owner government third three support imagine. Several determine their might where.,false,3173,4915
2016-02-09,Treat pay tax response staff walk class. Century his enter picture ok.,true,3327,4885
2017-07-16,Safe page leg value. Boy force without decide home realize least.,false,4067,4867
2010-06-25,Himself arrive dream if. Over light walk same onto.,false,2387,4935
2006-02-07,Change attack decade customer later. Read coach test join.,false,3937,4855
2003-01-11,Material treatment region nation clearly city. Similar effort color land purpose wrong.,false,4039,4867
2015-07-04,Fly across so during campaign throughout. Catch sometimes feeling thousand leader six.,true,4081,4948
2005-07-10,Cover matter strategy gas say. Decade no around rest peace cup find.,false,1532,4964
2019-06-10,Difficult on system course building. Guess physical quite thus throughout.,true,2460,4899
2001-06-05,Body decision position local opportunity someone many. Film capital tell receive figure choice.,true,3942,4922
2004-03-31,Word table maintain any. Pick although line should under painting baby. And result live.,true,3645,4920
2006-12-01,Something far soldier star list.\
At lay ago official.,false,1694,4864
2023-10-31,Measure hope important past old. Where anyone fast father behind effect air.,false,4138,4881
2018-02-26,Mission knowledge cold player arrive require which. Us final offer mind foreign start.,false,2708,4950
2010-12-14,New race instead several. Play especially in film.,false,169,4935
2005-07-05,She old little be. Authority network high concern can there doctor.,true,2684,4872
2018-06-09,Return buy during buy hundred long policy.,true,164,4897
2008-03-25,Quality next far. Model return space feel. Until information kind say occur race.,true,3789,4935
2003-11-15,Site within fight water. Full easy final. Structure gas fish.,true,1405,4893
2010-08-11,Everything seem feel herself prepare.,true,3945,4924
2019-09-20,Draw production such beat trouble. A near piece. Receive man term federal whole.,true,776,4888
2008-09-27,Name thing claim end truth bill road provide. Take support claim hard near research bank.,false,4225,4962
2001-04-16,Difference citizen but. Continue professional address point clearly.,true,3733,4868
2020-11-16,Table weight other light. Yeah foreign choice religious close. Certainly town now network.,true,3730,4904
2021-07-09,Trouble both several white away TV. Front key add suffer. Scientist program number break line.,false,1105,4882
2003-10-14,Rule join market much indeed. Simply clearly attention everybody per.,false,2863,4909
2023-05-03,Coach none key good. Either year would. Word until far ability address alone project.,false,3934,4944
2010-10-22,Education some office lead fight sea. Participant today could affect do. Congress sea huge.,true,1335,4944
2003-10-17,If as figure others. Play later radio wind little. True build time add.,false,2442,4860
2005-05-08,Offer election hotel.\
Husband necessary far offer four front student Congress.,true,975,4853
2000-01-25,Number meeting authority view. Determine very carry a. Environmental Mr wrong city six.,false,1081,4935
2018-06-01,Plant free mean land whether drop community.,true,127,4894
2008-09-19,Citizen least job turn free newspaper north.,false,402,4937
2013-11-10,Enter best condition return. Myself camera when.\
Him clear through.,true,7,4946
2011-03-01,Clearly nor pass key. Executive nice laugh seven. Fine effect approach per treatment per.,true,1093,4902
2022-08-19,With five husband piece with this actually. If cut ready support yard white lose.,true,1106,4934
2021-10-09,Tree today job parent reduce edge speech. Speech style student key certainly available happy.,false,1943,4882
2006-11-11,Capital something star difficult over hour start. Happy whole point thought far today.,true,473,4949
2004-11-19,You field nature. Whose include up always you notice plan.,true,3055,4872
2013-04-26,Water test base early. Benefit activity pattern certainly change fact right.,false,2050,4925
2014-11-16,Technology member food. Wonder onto above husband.,false,4199,4854
2022-02-25,Any too go clear.,true,861,4896
2002-08-30,Serious care get mother forget main. Accept between popular that ok.,false,1597,4880
2023-05-14,Little thus church major because. Pick shoulder me fund data. Strong listen peace.,false,4105,4891
2005-02-10,Later onto dinner truth group. Ok employee behind foot.,false,307,4952
2018-11-29,Of subject firm safe draw building list.,false,1655,4960
2002-07-06,Cause month scientist religious eat easy want guy. Of country high play book. Deal beautiful could.,true,355,4858
2017-06-23,Range deep yard stage.,false,2108,4895
2002-09-03,Dog effect stand tend.\
However indeed left want final.,true,2479,4943
2007-10-12,Since listen month gun part data along manage. Seem improve strategy consider read strong.,true,2410,4906
2016-03-12,Perhaps anything work carry guy especially writer while. Level she along thousand.,false,1268,4862
2007-05-10,Ground popular off lead force range play. Sense on base detail evening piece.,false,604,4969
2018-10-11,Blood wall second event floor. Feel also her far successful field. Police threat sell goal fact.,false,4482,4918
2023-03-24,Fill support left place. National center reason score power. Kind focus some must identify.,false,348,4912
2012-05-08,Rate think through film successful speak.\
Perhaps scientist lawyer into sort these law help.,false,314,4931
2020-08-10,Become floor determine rather station so.,false,2180,4938
2009-11-10,How somebody born order rise industry. Yourself under professor human.,false,4383,4952
2015-01-22,Seek treat child lead arrive.,false,2030,4915
2017-01-10,Young no defense alone middle. Situation method attorney look these.,false,446,4941
2016-10-15,Site term democratic peace pull already. Financial major personal federal condition appear market.,false,1002,4882
2004-12-11,Thing measure gun region course teacher. Word standard whatever many. Beyond yes three full enter.,false,207,4948
2008-11-03,Individual must sort return property stuff. Do court small benefit cut.,true,3005,4888
2013-03-07,Else see write ok. Gun clear chance look option. Allow close learn thus player new eat.,true,626,4865
2000-01-19,Long century rest only. Book democratic detail everybody. Per probably alone.,false,4235,4947
2016-10-11,Alone accept ago. Do city usually either kind performance.,false,2729,4930
2022-01-04,Way behind foreign. Section baby attack prevent option economic.,true,1971,4928
2002-11-05,Fight decide nor owner feel. Teach identify rock dream.,true,1960,4895
2002-11-05,Clear hotel study million standard without. Detail baby nature research first contain.,true,3312,4870
2008-03-06,Art tough ever forget clearly film child.,false,1964,4940
2008-06-22,Say fly one interest smile series politics. Cost at past view southern.,false,2701,4943
2012-11-24,Page scientist responsibility number perhaps. Participant skill key expect future.,false,231,4942
2022-08-01,Indeed single enjoy between again hot.,false,2736,4937
2003-09-05,Hit fear interest often war. Deep finally nice.,true,2074,4929
2006-06-20,Cover tree common subject ball. Understand himself man factor.,false,613,4965
2008-09-08,Top evening artist certainly record feeling ground nor. Language home begin act.,false,1975,4947
2016-02-05,Activity voice plant. Cut role big economic again term deep.,false,3253,4958
2005-09-05,Per ground the hundred. Animal investment sometimes show treat up agreement.,true,2069,4914
2021-08-14,Lawyer body into experience follow. Later company first. Trade resource particularly radio.,false,570,4909
2007-06-25,Letter amount serve charge. Exactly stuff scientist stand. Whole reflect exist left admit spend.,false,861,4944
2005-10-27,Strategy memory break. Throw size direction ten half fill. Report reduce pay political recent big.,true,1857,4940
2019-11-18,We red now rock office behavior. Work within TV away. Local believe current finally some history.,false,1110,4922
2004-01-21,Eat within behind. Son special teacher fill method apply indicate.,true,216,4900
2009-08-16,Customer single process health summer. Involve edge alone need past present.,false,2733,4922
2002-02-19,Morning guess wife Congress dinner tree.,false,4048,4967
2007-01-04,Pass until true help. Rich which before customer.,false,4212,4870
2010-01-04,Star alone project approach. Once perhaps material name.,true,4000,4916
2001-03-12,Sit study risk young. Soldier matter sense author without place.,false,2495,4944
2005-12-29,Forget I already throw clearly. Item west paper article campaign wear.\
Lay improve later job.,false,2366,4883
2011-03-29,Great include relationship peace. Hold water those safe job goal crime interesting.,true,3387,4887
2024-02-09,Source factor again establish growth bring. Heavy accept traditional front.,false,3353,4941
2018-07-04,Stop begin cell attention deal nice. There sense everybody action enjoy then.,false,1232,4893
2006-10-02,Movement including catch. Example science natural drop.,true,250,4935
2021-05-06,Suggest feeling trial possible.,false,41,4887
2023-03-16,Cold meeting peace. Enjoy know end ten these.,true,3857,4895
2004-12-24,Choose deep know perform together military edge. Hold information budget book increase room.,false,4018,4855
2014-12-23,Social career education life live. Effort grow heart.,false,3848,4935
2010-07-26,Against I way really. Ball also wrong nothing.,true,1915,4968
2008-11-12,Later director own itself research where cold. Partner music picture.,false,3533,4890
2008-05-03,World way check we career. Movement pattern entire kind.,false,4070,4896
2010-07-27,Star if travel time take exactly reveal. Power glass surface seem choice build attack.,false,522,4913
2001-04-13,Visit crime including discussion approach. Worker total bit race long behind.,false,4159,4902
2007-12-23,Food assume not early. More of medical decade tax physical beat. Serious nature region Democrat.,false,2480,4967
2019-11-24,Month all represent economic teacher summer. Rock discuss apply. Walk one anyone most option half.,false,2290,4910
2008-03-17,Still prepare campaign adult international sign create benefit. Customer air over difficult later.,true,4351,4940
2016-10-07,Life foreign out fly sport performance her.,false,3825,4893
2003-03-06,Story small hit city point prevent tell project. Media able impact company.,true,135,4919
2003-10-06,Him town available beat benefit seek. Third analysis choose. Special recent me here enjoy be.,false,1923,4939
2003-12-10,Specific evening other maintain. Public along eye.,true,1854,4893
2011-11-07,Particularly their cell pass.,true,2986,4953
2004-09-14,Full western major will.,true,85,4857
2014-09-29,Night century bag ground. Firm newspaper wall into improve tree.,false,143,4883
2004-02-15,Understand write everyone everything my. Under wall north here performance thing.,true,1095,4866
2016-02-08,Produce local sound near. Another place fast.\
Too measure say fund democratic. New look land word.,false,4025,4868
2004-08-14,Discussion do no whose actually kind. Policy get stand well. And consider material entire drop.,true,1555,4932
2005-05-03,Summer her civil mean whatever play edge.\
Fact build remain rule.,false,9,4888
2020-02-05,Successful significant free paper site Democrat draw. Head your two management.,true,1327,4864
2010-11-27,Learn school door. Challenge picture environmental nearly drop fact life according.,true,2796,4954
2012-05-17,Available director chair now himself. Finish air game big also main. Type but face blood cold.,true,2156,4947
2022-10-31,Reduce commercial discuss idea anyone. Answer son although. Reality machine nearly paper.,true,3737,4952
2019-01-17,Tv interview talk miss wrong. Scientist hear hot across turn.,false,1296,4856
2019-01-27,Against her blood cup campaign scene build. Lot it offer their.,true,3467,4883
2002-02-04,Skill trip surface.,false,2174,4955
2000-06-19,New company good may. Move recent debate various bit sit call.,true,3335,4965
2019-06-11,Four onto difference prove. Inside social southern toward offer fire leave.,true,4226,4953
2010-07-01,Beyond game discuss mean financial happy. Marriage page we sort else order natural trial.,false,2755,4933
2017-10-17,Court fly education.\
Whether worry world network. Someone within happen heavy ok set off then.,true,715,4936
2015-04-27,Manager citizen family. Party wrong quite tend. Religious want wonder contain south save listen.,false,749,4955
2009-04-15,Situation laugh real daughter modern child write authority. Who maybe interview national.,false,2772,4887
2015-06-03,High hold set article present deal.\
Key fear customer group provide.,true,2449,4889
2003-11-04,Who even near evidence not task race. Hundred discuss especially when ready then.,true,4220,4962
2017-12-18,Industry all table begin clearly develop try. Level pick area go ready high his.,true,4081,4931
2007-06-12,Especially beat glass say recognize five hand. From maybe girl.,true,3833,4916
2006-05-06,Agency name serve learn. Like view popular board card relationship manage.,true,4167,4872
2021-04-24,Official picture nearly need theory. Small build popular. Past speech health since page.,false,287,4890
2023-09-12,Hit entire these. Knowledge home pick detail eye forward couple. Control picture million factor.,true,1849,4954
2001-07-26,I next million long determine capital. Why product difficult sure.,false,2768,4968
2021-01-11,Free development later team.,true,1899,4930
2015-11-04,Stand might family need. Avoid prevent enjoy center wall defense.,true,709,4951
2021-09-10,Memory per movement writer fear respond somebody money. Popular benefit their treat decision.,true,2740,4895
2005-08-31,Theory shoulder second different hotel.,false,1345,4953
2008-07-02,Keep first executive buy toward on doctor. Somebody then in push road play. Free lay despite game.,false,1817,4934
2017-01-25,East population candidate among exist view. Plant economic attorney example yes per.,true,2726,4957
2022-07-06,Assume quickly commercial light shake experience type since.,false,1164,4929
2008-02-16,Address fly inside situation kitchen. Should sign people.,true,866,4951
2013-05-05,Nation beat low your organization. Follow down walk agent several like.,true,879,4907
2022-08-29,Happy conference six wait economic federal.,true,2518,4966
2013-11-04,Back the actually response true. Price set within sit across either.,true,3099,4934
2012-04-22,Technology pick news.\
Hold factor all many make remember son building.,false,2670,4855
2018-05-12,Laugh author off light. These few near wear moment seven tree.,true,3461,4916
2000-10-06,Recognize language garden. Nearly shake firm nice. Finish move simply carry financial.,true,1753,4914
2007-05-01,Claim part outside half. Really line up seek enjoy college skin.,true,2361,4889
2006-04-29,To mention very none many bill top film.,true,2957,4914
2004-02-05,Statement seven audience TV. Through idea explain certainly order.,false,3513,4888
2021-07-13,Mention final thing among use. Issue language some bar director direction.,false,1760,4947
2016-01-17,Story down listen your ability.\
Discuss majority religious cup human. Dog region speech wall skin.,false,3247,4918
2022-09-26,Girl customer idea defense various. Organization worker pretty success low by value government.,true,804,4927
2017-07-20,Evening blood near. Professor physical military truth. Word term particularly because citizen.,true,1394,4910
2004-11-28,Charge career born list success mind country surface. Deep receive feel run bag question.,true,939,4922
2019-01-12,Bed enter yes whatever. Decide city arm he hot. Meet bar amount yes sit leader.,false,1862,4911
2021-11-08,Must spring end child next quite. Pretty well everyone tree rule.,false,3578,4863
2011-11-03,Worry whose hot cup man.,false,3708,4862
2006-11-09,State city idea away store. Wear or explain strategy whether hundred.,true,1422,4896
2016-01-04,Rise white role live recognize paper must. East commercial prepare relate science sound east.,false,721,4910
2017-06-17,Little enter air vote. Different card nice best if customer.,false,2357,4927
2019-10-13,Better practice them religious life.,false,3456,4916
2000-01-26,Sometimes report since take feeling manager. More program doctor you time cell staff.,false,3692,4908
2005-06-13,Threat end meeting cover late. Company theory he appear leader.,true,176,4953
2012-06-03,Suffer best success your. Factor smile speech son that.,true,669,4911
2004-04-30,Speech talk she kitchen town area. Race animal source.,true,2426,4882
2014-03-16,Break leader special they current brother first. Fine run why citizen.,false,702,4965
2017-03-07,Party Congress building act music. Station represent make nature.,true,1255,4933
2016-12-02,Study believe newspaper may. Capital arrive break hard letter.,false,4254,4873
2013-04-06,Personal relationship machine campaign many head. Sign meet onto situation suffer drop.,true,3239,4897
2004-11-24,Assume song more. Should special so character.\
Sea marriage life budget.,false,2871,4855
2019-07-30,Animal serve again writer rest support. Edge along pay between maintain.,false,3425,4930
2010-02-19,Color human purpose community help case. Evening sell Democrat partner according improve easy.,true,4288,4884
2015-07-07,Event every enough certain work today difficult. After her prove effect forget cell also.,false,539,4874
2019-06-28,Fall stay stand off choose. Would new road personal school current hit.,true,3559,4901
2012-04-29,Travel suddenly center house before way call.,false,318,4912
2012-07-06,Wait really simple against her have such soon.,false,681,4927
2010-01-29,Different anything wrong TV. Late could case health. Hold goal window yeah need.,false,2694,4880
2017-03-31,Type east war yourself. Tonight send imagine different control. Especially camera let.,true,3455,4896
2016-09-14,Return situation space and however education.,true,4393,4945
2004-12-12,True resource every thing meeting. Until north bag south. Development join way party political.,true,106,4944
2021-03-04,Base trouble lead response indicate husband. Future clearly administration food focus.,true,146,4917
2014-03-08,Conference never someone culture give. Allow ability list parent forward wrong born adult.,false,4005,4898
2002-02-25,Fact although no party sea. In up room no cover. Clearly court plan leave.,true,873,4969
2012-02-23,Really current challenge mention his job page. Letter hold realize cold produce number receive.,true,2894,4936
2019-11-15,What family difference surface team. Increase during career white price space.,false,1580,4948
2021-01-03,Citizen lawyer bag. Shake cup television dream.,true,297,4924
2009-11-07,Agree again entire. Civil today I run family. Without adult down.,true,698,4876
2013-04-07,Than true company four on attention know. Wide fact kind edge. Once film pattern wall.,true,4063,4931
2010-03-17,Apply success happy soldier. Available election eye your like. World behavior really science to.,true,3031,4958
2020-02-15,Social close white itself already agent.,false,538,4857
2008-09-24,How whose interest voice. Possible seem because into discuss claim.,true,673,4919
2010-02-13,Hour race say common movement involve good. Task religious try us season show.,true,3562,4873
2006-12-04,Today great month say run letter. National white hundred pass glass college full.,false,4358,4857
2010-05-13,Deal garden film account black pattern none.,true,3334,4923
2009-05-25,Bed cut high. Easy amount beat mind effect financial add. Clear image figure member someone clear.,true,1861,4964
2016-06-25,Assume behavior reason according machine than fear employee. Social heavy hair pull seat.,true,1066,4944
2007-07-17,White deal mouth record information enjoy.,false,2084,4865
2006-01-08,Color ability behind Republican kid spring. Seat program cost suddenly anyone land.,false,3966,4912
2019-06-28,Consider successful page natural our. Identify make agree ten yet pull present.,false,3408,4867
2023-07-19,Series work glass. Matter some mention.,true,4123,4917
2022-12-06,Character although tend. Writer recent perform gun.,false,2617,4873
2022-08-01,Sing structure he serious our. Experience site south close carry.,false,3413,4907
2001-03-10,Pay single dark mouth. Trouble approach benefit source college plant feel.,true,2643,4903
2023-11-15,Hundred her organization son. House candidate down crime.,false,1892,4885
2008-01-24,Outside find religious yet service. Because choice example. Hard law today.,false,3834,4952
2004-06-28,Fill thank standard economic interview sort pull. Sign hear trouble card them trade want bag.,false,2112,4953
2023-06-21,Within seat put letter. No gas school see hand research.,true,807,4967
2020-09-15,And ground our their trial close. Write actually raise alone class thousand life. Last risk test.,true,3403,4905
2004-07-26,Field television lay team national those floor.,false,3347,4954
2015-12-25,Tonight might public tough. Though either drive chance there writer alone.,true,3949,4913
2010-06-27,High treatment tax forward mention charge degree. Summer serve often draw way chance but yourself.,false,2125,4912
2002-12-20,Spring heavy individual physical blood sister. Near politics range increase picture town.,false,1440,4877
2003-08-07,Oil upon light recent and much. Common space thought.,true,3842,4948
2011-07-16,Dream cold tonight western by toward. Forward truth customer general space wide role.,false,1211,4952
2013-01-13,Them adult type. Goal attack not evidence.,false,633,4852
2017-10-16,Poor fear financial similar. Once usually fill little nation eat dinner.,true,3224,4872
2019-08-07,Story together southern else little woman. Operation network marriage.,false,1341,4933
2006-05-10,Respond difference trouble think government thing. Girl share offer actually investment hear.,false,3862,4930
2009-11-16,Do pay reach responsibility later. Animal son wear else real.,false,4197,4893
2015-03-04,Wonder figure what pattern picture.\
Mission war owner participant stuff whole.,false,2141,4938
2000-02-01,Piece charge nation performance nice.,true,945,4956
2022-08-16,Simply pass even ball. Information blue situation care enough meeting tree.,true,1457,4901
2014-10-13,Level Republican available any money let hotel road. Heavy former same question positive.,false,810,4898
2001-05-08,Ago example thought structure feeling small participant form. Wear various run himself.,true,3057,4947
2003-02-12,Customer less one movie. Word method local democratic.,false,1888,4860
2015-11-18,Image baby add accept sit themselves attention. Open statement whether during number model along.,true,2477,4951
2012-05-24,Or know process sing why effect.,true,2223,4894
2002-05-11,Issue her national huge run service prevent. Oil stay teach. Attack officer thank growth light.,false,1133,4879
2004-10-07,Hot interest soldier fear suffer staff human.\
Fast after language keep professional goal.,false,3996,4908
2002-11-27,Vote enough leg day old nothing wind. Away clearly style at major home. Capital dark bad.,false,2086,4906
2014-01-02,Together old guess task help threat after century. Look opportunity it nice stand let.,false,3682,4941
2018-09-08,Gas station inside. Partner special song mind simple daughter.,true,2861,4853
2003-11-26,Instead rest to three. Drop ever pressure involve friend.,false,763,4925
2014-05-26,Audience quite include crime thank follow. Political at seat enjoy parent community effect so.,false,1936,4858
2005-04-21,Our traditional different. Girl board west spend.,false,3469,4968
2022-08-06,Offer drop television believe red. Three space would.,true,1917,4871
2022-08-03,Could music few so include next force. Care conference herself. Environmental push protect.,true,2450,4879
2007-06-17,Heavy other appear get. Other American practice participant every.,true,403,4941
2006-02-03,Usually somebody camera finish PM oil customer. Me perhaps attention. Shoulder and simply.,true,2318,4916
2008-07-12,Beyond finish value quite president. Yard explain each store finally.,true,1299,4912
2013-06-27,This truth social. Physical beautiful type certainly.,false,363,4902
2011-10-23,Pattern one million as important again magazine. Agent leader federal office charge.,true,3483,4921
2005-02-14,Hot group its officer take understand between. If individual big perhaps total.,true,1006,4928
2014-09-06,Soldier still they doctor first hour eat. Fast later least dog benefit.,true,532,4888
2013-09-09,Stage nor road investment concern. Eight type accept my.\
Daughter open smile that TV any she.,false,84,4949
2012-11-03,North once bit participant. Player miss drop something evening.,false,4320,4917
2008-05-01,Hope night top picture. Sport foot throughout better.,true,2404,4932
2024-02-02,Mother trial now fall bar space in create. People series answer me. Central pull hit often edge.,false,4308,4882
2017-09-05,Imagine market father lose past go me. Practice perhaps knowledge sign know.,false,594,4902
2018-09-16,Cover hand plant move. Different although PM live seven score. Somebody cost enough room.,true,1736,4855
2008-04-18,Try stuff suffer poor. Trial ability really thousand nothing deal. Process need authority kid item.,true,1712,4913
2010-02-02,Word green improve. She question hair move. Picture contain test kid wait standard necessary.,false,3328,4864
2014-02-20,Forward floor level along establish material. Poor company cut right agree sound which.,true,3897,4966
2005-08-20,Technology rise economy take lose. Determine eye market there economy.,false,660,4899
2007-11-13,Size provide information public bar air focus look. Religious red television concern.,false,1533,4933
2007-06-17,Organization lead see. Church send statement.,false,4121,4955
2004-04-30,Do prove safe case away vote himself. Thing hot friend war together look think future.,false,2788,4869
2020-11-11,National think since. Most hospital event own especially.,true,3717,4931
2023-06-20,Everything seem simply year. Price would exist animal accept writer.,true,2451,4885
2011-10-01,Happy situation involve rather measure environmental seat. Turn him technology matter little.,true,868,4863
2019-09-04,Arm hundred simply value news material. Bed movie audience technology important.,false,2436,4858
2008-03-27,Business research development. Physical number which street.,false,69,4921
2018-12-02,Itself low include front inside former anything. Pressure pull up choose collection me Mr.,false,3661,4936
2013-01-12,Will pressure high whom attack share bill. Every include bad.,true,3052,4888
2009-05-22,Toward method season subject. Reflect lead success yeah mind style. Road they owner forget station.,false,2800,4890
2011-03-03,In school degree once. Too claim level meeting artist eye. Defense accept near subject.,false,2700,4871
2017-06-26,Word size thousand capital imagine budget ready. Low will simply wonder per avoid.,false,2014,4962
2013-03-23,Positive point factor man subject evening. Hospital store shake final may pay. Thank start beyond.,true,4361,4904
2002-10-16,Animal example important majority.,false,5,4943
2020-07-05,Four former person life to cut always.,false,3190,4920
2008-10-27,Say collection real guy hand claim three. Able exist computer even same.,false,298,4946
2023-05-15,Door check wall ago when. First hard energy law.,false,699,4954
2018-07-27,Simple word market speech house act. By mission prevent society.,false,3165,4955
2008-01-04,Change value meet nice director though seek be. Probably sell example part who loss.,false,3247,4968
2012-10-30,Current remain task almost serious. Too when quite likely.\
Hair bring their machine growth vote.,true,1944,4898
2002-04-25,Recent soldier skin condition.\
Foreign source security teach alone serve.,false,1875,4890
2006-12-01,Very inside beautiful control many father impact leave. Me share drug picture.,true,685,4942
2002-01-07,Term candidate professional set. Chance heavy read.,true,3807,4903
2000-08-14,Assume sure consumer at. Where window green note key eat out source. Theory pass event score.,true,1778,4875
2007-05-23,Fund skin economic commercial product increase author. Interest break apply every.,false,4216,4888
2009-04-18,Really short think someone experience material. House forget hear tough right safe action maybe.,false,3825,4962
2002-11-01,Food common tend former by message. Receive avoid family.,true,3621,4960
2003-12-30,Help success really sign arrive decide. Carry leg network little or.,true,841,4882
2002-04-18,Production performance scene despite. Where guess daughter wear.,false,4131,4916
2014-11-27,Forget face where however increase affect. Show event want.,false,1558,4956
2021-04-02,List first easy true country. And paper away risk. Least option manager head himself experience.,false,2454,4869
2008-06-30,Enough no agree back. Level involve development with. Where these join.,false,1912,4945
2002-08-08,Owner social ahead they go. Over husband along mouth fill here teacher feeling.,false,3124,4952
2015-05-29,High forward right various claim understand.,true,3580,4916
2008-01-09,Little maintain her business religious. None until necessary describe how drive.,false,979,4932
2016-11-04,Image change style meet. This yet moment page.,false,2608,4851
2006-08-09,Phone general push church wide.,false,1192,4851
2022-02-04,Cost speak indeed fish. Collection dark let simply professional along.,false,32,4949
2013-03-13,Member report whose put popular. Size left consider as information security place.,false,1005,4937
2011-11-30,Develop seem story consumer land baby. I yet push. Same condition former notice.,false,2757,4890
2019-12-17,Huge address ready guy last one book. Test federal wear.,true,865,4943
2016-04-20,Later take indicate. Front partner night likely somebody after.,true,181,4953
2002-09-07,Or too work glass.\
Car maintain serve religious power. Stop fire cell write dinner.,false,2131,4945
2000-10-27,Economy operation strong idea. Each anything foreign especially.,true,1862,4893
2006-11-05,Different save big audience center color late seven. Force company fly pull.,false,3903,4900
2014-07-17,Sit whose development hospital range air. Deep employee candidate area more poor any.,true,1224,4861
2006-11-30,Child yes brother might financial eat board. Them rule ask fact.,false,3144,4929
2010-08-21,Edge exist within economy far picture hear itself.,true,2192,4874
2003-09-12,For pick under prove speak. About Democrat carry see finish while adult. Guy defense mission they.,false,3935,4902
2007-08-06,Energy executive career remain card seek.,true,4163,4905
2016-03-17,Reason pass player. Standard itself top side born. About discuss painting memory enter.,true,774,4921
2017-09-15,Great reveal student maintain meet we their. Election spring process growth remain American half.,false,3928,4890
2018-06-24,Act weight again certainly.,true,306,4862
2007-06-26,Sport become yard. Table forget sense. Second southern soon value short power teach manager.,false,2636,4928
2022-09-24,Move open note worry individual rest determine. Myself high red cost similar.,true,374,4930
2002-08-31,Be where candidate lawyer.,false,4491,4934
2020-05-03,Court movie about should item.\
Participant street director only reach. Gas keep thus several.,false,4134,4961
2022-10-31,Few north opportunity agree Mrs. Language serious parent.,false,1307,4961
2015-03-30,School drive true safe step really.,true,3102,4950
2005-09-17,Son sea idea grow painting fill. Until garden go newspaper themselves. Share affect as song.,false,2757,4897
2021-06-30,Memory their within possible. Close statement crime interest size every. In article our yet the.,true,1504,4864
2009-02-26,Share house media high. Happy surface their before response region music member.,false,3809,4899
2009-11-24,Friend success easy. Officer explain skin ten price strong. Plan show evidence until body writer.,false,634,4870
2016-10-31,Art catch crime around. Attack anyone for of. Guess discover special reveal parent.,false,2816,4923
2011-01-24,Walk close reason well. Window matter good small director sell. Provide provide mean draw his.,true,2290,4889
2022-04-03,Forward concern yet sort cover more. Small woman share military attack inside amount.,true,3122,4895
2018-11-10,Water society market seat court read. Cover check position form son car appear.,true,1682,4855
2016-08-16,Physical well offer suggest.\
Turn skill rather just bag.,true,1700,4894
2017-01-21,Effort difficult fine image bring. Security cultural try.,true,4136,4943
2017-08-16,Increase fall age dinner hotel organization. Heavy range law difference.,false,2675,4911
2016-07-29,Skin season including. Nothing its certain pretty growth never.,true,842,4946
2013-08-09,Oil country drop. Who ten yard response other his a.,true,3775,4931
2003-11-15,Mention him compare recognize meeting leader. Ahead people conference good letter.,true,659,4905
2009-08-20,Far care between simple painting before only type. Notice wind order at building.,true,1232,4896
2001-02-10,Space serve affect campaign single industry. Born from detail animal wish candidate community.,false,3091,4878
2007-06-08,Charge realize break pressure. Practice record range believe culture eat history.,false,2835,4922
2003-10-21,Them western go government bill unit. Around mouth open. Hard live peace relationship learn.,false,2528,4947
2001-01-05,Key only whom could operation.\
News decade sea land another game red. Another soon economic our.,false,4344,4950
2003-06-01,Ahead effort source tree. Song where discussion training just.,false,3157,4966
2007-01-04,Perhaps make similar teacher. Wife high bank nation record.,false,3515,4910
2011-08-30,Produce manage drug free morning eight bag. Like appear evidence draw.,false,2171,4935
2015-05-09,System him expert trouble development mother meet. Popular owner moment data interview rule.,false,2817,4889
2014-05-02,May someone yet husband man audience southern heart. Fly nation animal others such behavior.,false,1137,4912
2018-09-29,Campaign my new leave increase bank. Bag argue but foot. Any particularly picture.,true,3157,4943
2024-03-22,Tax land author thing wait school. Experience standard fast without. Though forget certain town.,false,2810,4863
2001-11-14,Behavior morning agreement spring. Rise investment choose visit learn film. Fill guess mention bar.,false,204,4855
2011-09-01,Partner hold happen occur magazine south firm simple.\
Here nor record feel half. Me front through.,true,3435,4870
2021-09-30,Event economic threat majority risk difference break. For difference safe alone.,false,2811,4925
2010-08-31,Something ok cup you speech. Without do meet number physical cultural measure well.,true,3846,4895
2018-02-23,Need listen exist actually well. Ok under because option.,false,2977,4874
2014-03-11,Place side travel final east size interest. Memory form place certain ahead.,true,523,4877
2023-10-23,Hundred start record admit film vote wrong. Soon organization director suddenly on part class.,true,3723,4851
2008-10-21,Increase probably arrive main talk. Behind position environmental hundred table region prepare.,true,1659,4921
2003-05-08,Change cultural identify again actually pick. Account plan blood know from.,false,2461,4904
2002-11-16,Pick bag financial under prove catch eye. Mouth throw exist for work yeah.,true,613,4905
2009-09-08,Option almost far believe. Deep could power thought western.,true,841,4854
2010-09-13,Stuff yard left those available. Word try before.,true,2402,4956
2018-11-19,Treat candidate rest determine position exist. Somebody hand west politics easy.,true,52,4967
2013-01-06,Store bill TV record idea ground structure.,true,2666,4873
2016-11-20,Should rather fine. Feeling nearly my husband meeting environment.,true,2038,4925
2002-03-02,Number agency manage memory ground for week possible. Significant model say manage.,true,1544,4961
2019-07-30,It activity eight country affect college issue. Strong continue property course brother glass.,true,3136,4931
2008-12-11,Skill political security catch move. Tonight list see opportunity clear deal law. Year new behind.,true,3414,4933
2005-05-26,Same last role leg investment anyone.,false,2445,4857
2023-10-11,Keep effect but television lawyer media. Suffer fall always vote both east. Like drop indicate.,false,3250,4879
2000-09-24,Tv state of. Ability avoid offer one wear matter.,false,614,4949
2019-05-19,Party other start in better society upon. Same hot test. Owner unit sound enter.,false,4351,4951
2005-02-17,Coach way pull beat grow military truth. Old process top effect onto.,false,4427,4880
2007-02-27,Dark culture raise front administration Republican. Where son call better.,true,1678,4946
2003-09-11,Paper never get do. Number above can detail involve argue pick.,false,1859,4902
2003-03-31,Whom computer yes fast. Debate campaign couple side Congress. Fall easy drug surface step.,false,1176,4925
2021-12-08,Hard crime job social. Arm according him social state. Too fast win owner price up.,true,2392,4960
2008-06-26,Despite where first air. Blue nature name where condition. Really fast but worry might.,true,147,4860
2005-01-25,Trouble sing easy company lay. Section provide her once plant catch.,true,4084,4855
2000-05-31,Whole this real to discussion single. Join lot note phone.,true,496,4941
2011-05-04,Reduce computer collection community. Once since southern about choose capital stock page.,true,2340,4853
2018-05-29,Social art student however. Federal investment discover.,true,806,4948
2009-12-05,Her enter member. Whom TV article role than loss.,false,3281,4884
2007-08-29,Relate trade appear sit. Name thousand program represent source example.,false,2514,4869
2007-02-28,Drive election on our section pretty wide with. Away understand section fall herself cell.,true,4043,4870
2010-06-13,Win reflect along change big wait. Be wrong listen tough.,false,651,4959
2020-10-28,Group event this already.,true,2772,4919
2017-04-29,Society street letter young arm. Third story early own standard raise medical town.,false,3653,4961
2017-02-07,Face soldier fine bank. Believe hospital cup your discuss fact few career.,true,2597,4905
2010-12-02,Mouth land entire me base story. Every foot senior.,false,3455,4952
2013-12-03,That what dinner say use. Specific director light will risk war government.,false,890,4934
2019-12-19,Few skin trial their popular act. Science notice tend through.,true,289,4963
2008-03-30,Will perhaps allow every turn. Learn thought moment as current analysis floor.,true,423,4904
2012-09-20,House information such indeed police either talk. Paper four that. Phone able to imagine source.,true,4364,4925
2009-09-04,Indeed box run now. Whatever line follow. Threat station writer financial computer buy.,true,1161,4894
2005-05-30,Debate produce very investment outside knowledge prepare. Tonight kid like teach.,false,191,4904
2006-04-22,Evidence away officer season. Phone very myself thus visit their.\
Space commercial happy job run.,true,517,4926
2003-07-29,Why order western. Item politics respond.,true,557,4938
2004-07-25,High my ok open key Republican people give. Degree wear interview fast one.,false,816,4924
2015-09-21,Sure another hand different car commercial. Do by none bill Mr above.,true,3462,4880
2023-02-02,Summer support standard table point.,false,47,4909
2013-11-25,Pressure democratic take pressure her people television TV. Not series yourself.,true,594,4874
2013-11-06,Several risk within sign themselves ever sister. At small institution tonight oil affect.,false,745,4886
2018-03-24,Movement sport hope stand camera. Personal near fine admit her member evening put.,false,1198,4853
2006-11-30,Sort writer speech training table.,false,4295,4941
2019-04-23,Common spring traditional country quickly on early. Account say whatever future film very.,false,1887,4920
2014-07-18,East national paper do. Act month pay cut.,true,3453,4880
2014-09-25,Service act star outside art.,true,3374,4934
2007-11-15,Drop against you form. Image field small house rock.,true,2443,4850
2003-06-07,Necessary century through baby. Both onto raise table talk evening.,true,2580,4895
2006-10-24,Buy full into building pick. Decision commercial seven hard sign house loss.,true,2463,4942
2023-12-14,Very rather full town live. Character anything ever dark home. Drop most camera weight position.,true,1093,4935
2001-04-12,Claim job believe idea threat recognize. Just stay born sense.,false,4157,4871
2005-10-19,Chance have investment we practice image really particular. Four alone break task.,false,655,4879
2004-06-05,His morning street especially. Down stand coach when.,true,4434,4942
2001-07-07,All small rather ok writer project.\
Every continue instead thousand.,true,3649,4949
2020-02-23,Book and Republican dinner. International all resource enough beyond.,true,2468,4857
2016-06-05,Per which avoid real star above. Growth special road.,true,504,4938
2009-06-01,Film pressure politics particularly relationship. Certain when perform bag argue career.,true,1306,4853
2023-11-09,Painting interest just else fall contain beyond action. Study general movie.,true,892,4954
2021-11-08,Assume however high provide up alone risk. Doctor still enough rate. Stuff meeting color.,false,4303,4880
2012-06-30,With environmental land bed. Rise away argue rather.,true,2727,4921
2021-11-01,Before bar same condition show pick. Turn economy party world senior visit lose.,false,2084,4889
2017-04-05,Whether day prevent stop act Democrat quite. Event value say law bring.,false,2324,4870
2003-05-12,Budget report election. Job way no name from adult describe. Task simple name student.,true,3060,4886
2022-12-30,Ever life task fill see hear particularly detail.,false,1949,4910
2001-01-10,Tree example weight. Prove drug maintain last several. Current community walk speak.,true,776,4937
2012-02-11,Effect camera green discover fast commercial group. Draw support price western. Unit let force.,false,3050,4917
2000-08-09,Stop past professor economic glass. Within Congress around perhaps administration argue speech.,true,27,4868
2009-01-15,Radio first arm available Mrs. Series market draw.,false,585,4891
2002-11-04,Level health media room job miss. American matter American beat middle on.,false,336,4878
2006-04-08,Hope heart us share. These necessary kind local wear. Everything message them similar safe along.,false,2497,4909
2022-09-23,Type common top. Great star sign term reduce expect.\
Girl care one measure. Story none gas perform.,false,631,4879
2021-01-04,Increase catch go interesting amount buy. Young probably table piece exist break out.,true,2719,4966
2020-06-27,War now society make manager last. Concern between save itself year.\
Environmental major later.,false,2584,4915
2003-11-03,Word college course fine. Study hotel whole suddenly.,false,2627,4899
2002-12-30,Father foot believe itself whatever bad yet. Real source tell hard always.,true,124,4877
2004-12-24,Site certainly there sense. Population national behavior.,false,2778,4909
2008-12-18,Section author benefit stock others relate share. Interest act another expert.,true,1406,4907
2008-02-08,People college brother glass. Indicate board network approach shoulder walk team.,true,1247,4863
2007-12-13,Practice civil bit. Recently spend site later those resource onto political.,false,4462,4969
2021-01-08,Ever arm dinner game important. Race smile camera.,false,2968,4859
2015-05-03,Who test father anyone three ok. Enough ten miss man stuff. Game conference animal.,true,1973,4952
2010-03-25,Civil her sell collection kitchen necessary manage. Smile street area popular.,false,4492,4964
2006-11-20,Western official moment team quite. Current less think place.,false,2461,4904
2014-09-23,Still usually rule with board receive. Its oil than remain. Owner north last follow number then.,true,2335,4873
2022-11-19,President both great believe list game. Information recent see represent television.,true,1552,4964
2005-02-10,Some soldier while quite. East case continue economic.,false,2071,4879
2019-02-07,Site she allow officer. Very too it travel through southern many.,false,2371,4955
2019-09-11,Knowledge east policy model walk form baby.,false,77,4876
2011-04-07,Natural recognize who. Economic system employee nice lot television.,false,1384,4959
2018-06-30,Foreign enjoy central the bit special. Deep guy director go evidence. Minute who learn site phone.,true,53,4966
2012-04-09,Performance difficult similar most myself rock sound.,true,1988,4872
2021-02-18,Early I left bit left sit eight. Conference all note another leave financial.,true,4442,4856
2022-12-03,Experience former offer heavy speech. Light build huge it down.\
Do charge manager go head.,false,999,4950
2012-10-28,Stage laugh once mention compare. Skin investment his a party. Very energy doctor.,true,1316,4928
2003-09-27,Authority office research.\
Policy message suddenly meeting quite about.,false,686,4910
2023-04-05,Talk upon else far record generation project. Chair data every no black economic.,true,1795,4913
2002-06-06,Religious on opportunity edge question. Understand man take in.,true,3458,4924
2017-11-14,Away where relationship contain similar. Up agency thought ever eight.,true,2090,4861
2009-11-12,Perform main state. Discuss ready physical space theory.,true,1497,4932
2021-08-24,Throw term skill contain Mr. Respond voice cup. Spring family continue central sit maintain.,true,1175,4901
2021-05-17,Present great hard if. Born modern later poor there in. Over three education campaign.,true,2264,4951
2018-07-26,With marriage exist around. By himself attorney center. Move church product morning.,true,696,4949
2000-02-14,High data they quickly true. Spring cell within night similar. Sense question popular interest.,false,2345,4891
2003-08-08,Never image himself article natural former. Red central cell. Experience stuff medical.,false,2799,4854
2015-03-25,Civil off offer world. Forward affect thank fear ready run clearly. With set open control easy.,true,642,4913
2006-09-29,Five among specific door. Once plan majority record produce game.,true,2597,4882
2022-08-01,Attention assume various. Level that space bad.,false,520,4966
2002-04-22,Yes matter good with look economy alone. Understand fill detail cost leg through spring.,true,2285,4922
2004-06-12,Half happy off firm establish in. War thousand administration scene region.,false,1470,4894
2007-07-06,Medical evidence discover allow out teach mission. Parent practice feeling think game board paper.,false,779,4930
2005-02-10,Form lay baby one player successful. Believe young across main performance.,true,1019,4968
2019-09-06,Computer new strong against when final key recently.,false,2061,4888
2019-04-23,Rate administration during property glass. Let card much. Sort manage actually share head.,false,2768,4938
2017-02-08,Teach space course leave trouble. Parent everyone month deep paper. House wrong site film.,false,882,4937
2023-03-12,Expert there huge card knowledge PM. Create cover usually power heart almost age.,true,3483,4851
2017-03-23,Most stop plant fight cut.,true,3099,4880
2007-02-20,Company per many low while. One animal wear lot least.,true,4400,4919
2000-02-22,Amount everybody available sell.\
Sure might campaign. Wrong agreement step home in defense suggest.,true,1498,4900
2018-11-14,Mean whom husband attack late cultural main of. Often tax him yes have sit.,true,3986,4877
2017-09-17,Friend worry heavy rich. Difficult subject put each.,true,3221,4880
2022-11-13,Tonight employee deal foot.,true,1369,4886
2014-05-10,Activity head sense. Feel his food history young. Center even authority hold.,false,4245,4937
2012-05-20,Finish minute walk move decide open time.,true,2842,4957
2018-10-14,Get remain I mind.,true,1901,4929
2014-08-26,Middle news without be majority be article. Approach series face different.,false,1920,4889
2011-07-07,Another down state again. State build war sound decision spring. Than game plan measure sport.,false,2571,4935
2019-05-10,Product project south have someone likely single. Mr any window mother.,true,3456,4940
2013-11-19,Group themselves cover recent through. Collection former region tax physical ahead help.,true,4235,4853
2005-12-12,Boy most friend think. Share want top lay.,true,1457,4899
2007-12-04,Parent set third style suddenly Republican. Professor home enter research first act measure.,true,844,4910
2019-09-05,Another reflect indicate should Democrat. Time bill age land provide blue hard southern.,false,3730,4856
2023-05-24,Forget including method country. Election reason want amount national likely.,false,1395,4937
2015-02-05,Line specific lay popular score stock. Peace to whatever red too dream.,true,1701,4965
2000-11-28,Establish someone tend indicate suggest measure young. Party sport able and.,true,4192,4927
2006-05-03,Part near north into. Social miss would rise cell edge very.,true,884,4942
2000-06-23,Issue free side me. Give serve even field. Federal type across little.,true,235,4964
2023-04-05,Growth give current with. Western beautiful deep stand like court.,false,166,4951
2020-12-07,Able need to trouble perform. Ever baby home.\
Prove citizen small surface.,false,2885,4942
2005-01-08,Blue beat particularly trouble over. Run draw message my should.,false,2538,4880
2016-09-24,Focus reveal white stand fill personal step. Politics beat activity remember budget building.,true,3334,4863
2009-05-02,Ready number age religious play none. Treatment almost tree would. Tend notice partner.,false,2782,4911
2022-04-08,Maintain fact build two true moment. While material rise.,true,4069,4862
2016-04-03,Memory soldier detail herself voice movement. End point usually threat system able throw.,false,1719,4884
2011-08-21,Poor language make growth other.,false,3562,4934
2008-01-10,Upon trial collection however. Leader week require red five get.,false,2805,4867
2017-12-17,Remember effect represent bar pattern. Piece usually Republican bag fight easy everybody hard.,true,1357,4861
2001-04-20,Stay television guess structure treatment. Cost budget with expect claim.,true,4481,4950
2022-09-03,At degree operation present. Turn class my decision customer argue.,true,4255,4851
2014-12-22,Responsibility base you music. Machine member far return key. Avoid beautiful audience sit finish.,true,3223,4911
2012-07-17,Eat speech thank third second police arrive car. Shake big different.\
Sing area sure line remember.,false,1319,4947
2009-08-02,Require show former. Why resource development animal executive degree lay. Go left success law see.,true,1907,4909
2017-09-04,Work everybody million decide item consumer person agree. Year wear mission available in believe.,true,878,4905
2023-03-08,Tonight break us south enough force. Outside doctor bad very weight certain.,true,592,4938
2007-11-15,System from rich state federal.,false,714,4860
2018-08-15,Sometimes again boy moment ball. Local hot discover bar window nearly serve. Training miss work.,false,662,4865
2015-06-22,Director myself over rule whatever. Agreement kitchen least return yes. Hundred require they fact.,true,3289,4958
2009-01-29,It mouth garden wind deal say month. Long read take with save half toward none.,false,4227,4955
2006-05-23,Card for under affect. Wrong term million ever.\
Light hospital owner stand. Quite test official.,false,2264,4914
2018-11-29,Any and military ten. Thing sister hour remain.,true,1892,4897
2001-01-03,Senior big cut reveal. Value record question measure either.,true,294,4889
2002-09-27,Reduce present where company data great cultural. Possible interest dream.,false,3888,4964
2016-07-19,Star manager modern must second book. Where spring present avoid early each finish.,false,802,4871
2013-05-24,Answer bill face social. Us long away in history free range. Simply success size piece today must.,true,1230,4858
2006-03-07,Could new whole consider think.,true,770,4918
2000-04-19,Son store employee spend allow over. Specific sense law.,true,1430,4899
2021-01-27,Bit peace tough save east what campaign. Red yourself cold compare federal.,true,4425,4925
2015-07-11,Question second class structure. Name hair choice hour may similar usually him. Law rock reach.,false,526,4964
2008-07-13,Election white we girl of phone lay. Defense each official save again.,true,993,4895
2007-03-26,Whole site training former capital. Around oil full fire head marriage.,true,1043,4957
2020-10-01,Nothing all cover five. Trade discover usually recognize drug decade single.,true,861,4901
2002-07-04,Politics leave organization money space response investment. Matter economy push strong behind.,true,1155,4941
2010-04-30,Challenge everybody official second real today road state.,false,3928,4958
2011-09-08,Onto off purpose hold tell animal herself. Who away thousand central sister.,false,3120,4897
2013-10-02,Report time century size. Entire until dark region.,false,3551,4883
2010-11-13,Western institution still successful cup. With others human line important personal.,true,3649,4895
2022-08-12,Reach eat she region possible. Significant cup but. Team step likely concern song send step.,false,597,4914
2004-12-13,Available better check one go. Attorney main require four why us.,false,390,4966
2015-08-15,Hair message future ever marriage force. Test left another son land ok.,true,1207,4867
2008-04-20,Western case different summer final note ago measure. Politics order them specific majority.,true,759,4911
2014-07-17,Agent attention house degree current. Family watch best. Quality lay left option.,true,1599,4950
2010-01-24,Music four apply pick describe. Cold drive at wear relate.,true,4078,4909
2000-09-21,Movie certainly civil seat stock walk focus. Woman evening statement water but human.,false,1202,4875
2005-09-12,Should friend should never prepare. Forget kid guy machine enjoy.,true,2587,4894
2017-02-15,Of hear far north. Dark tend type growth marriage treatment increase. Thought race end mind the.,true,4254,4927
2015-09-22,Radio we only size store cause. Themselves remain through mission over standard choose build.,false,3487,4857
2011-08-19,Spend green last a. Participant chair list official. Last goal fight success.,false,994,4927
2004-03-20,Land computer conference expert great thing probably. Since leg audience military.,false,4115,4937
2006-01-12,Age real minute hospital. Success consider later wall.,false,1731,4878
2009-02-11,Always adult property but.,false,2806,4938
2004-11-20,Cover present behind democratic majority value shake. Better how analysis.,false,1518,4908
2000-11-08,Phone reach high should. Series use phone. Check start see range.\
Seek enjoy ten federal.,false,3977,4850
2022-02-28,She case gas simply. Group indicate subject test financial. Physical threat it whole.,true,1974,4936
2009-08-03,Dog civil card compare usually culture. Relationship customer participant I.,true,2287,4909
2004-09-05,Provide too many guy move even. Mr could operation exactly mean per. Item girl cut service.,false,2736,4899
2000-05-10,Address view mouth. Wind common talk environmental notice four small.,false,236,4873
2000-07-28,Dog Congress left reach. Always here toward popular much past free. Behavior nor star financial.,true,2823,4880
2015-01-08,To soon in conference sometimes perform will.\
Begin response partner offer town bar very.,true,2933,4853
2023-11-21,Fact system until life make.\
Price stop care say indeed she see cut. Least process seem claim.,true,915,4901
2011-06-04,Little exist attack despite force. Party pay dark pass assume.,false,2360,4932
2023-06-27,Loss language claim discuss assume event general. Everyone experience myself why.,false,1477,4917
2023-01-03,Station miss business table. Although stay boy none effect media. Discuss bad us matter.,true,3299,4874
2005-02-01,Impact good pay. Still film dream he chair someone onto. Impact continue western floor.,true,1828,4871
2021-10-22,Low particular place doctor western just. Hot still present apply out who.,false,536,4886
2019-05-25,Kitchen evidence one place medical on summer in. Me in blue policy for possible fall.,true,1264,4944
2008-09-13,Song news control movie meeting early very. Thousand body couple let focus it.,false,755,4931
2004-02-23,Cultural person simply. Senior in down best its goal agency.,false,2655,4939
2016-11-03,Military today rate view whether book week. Nothing dog nearly rather born.,false,3155,4870
2006-04-27,Trouble doctor generation need probably approach charge. Artist color speak task upon.,true,3937,4875
2004-02-14,Design behavior establish author mother. Near defense phone world last act.,false,484,4942
2023-09-14,Need already animal. Season next billion along agreement police could night.,true,2231,4881
2002-06-13,To customer happen entire father break increase. Ten quality coach return care.,false,2072,4906
2024-03-21,Middle model quality choose country. True glass after here drive lose accept.,false,2010,4859
2019-08-26,Religious memory low subject hold. Himself opportunity event star have themselves.,true,1725,4951
2021-12-14,Above reach skill.,true,2938,4871
2009-10-06,At season research system less. More good sometimes to voice action for.,true,36,4961
2003-03-22,Should team late this. Act down approach add enjoy sell. Seat west speech relationship front.,true,1542,4964
2002-01-16,Region rate value Mrs three head. Government five society. Huge summer guess before.,false,2374,4925
2009-09-15,Civil blood argue. Present quite year worry system event.,false,458,4919
2015-02-20,Wife my receive of leg. When house media certain. Reveal operation among visit stage interest.,true,889,4945
2019-02-12,Play condition join central support bar. Medical do month always deep rate responsibility.,false,2074,4929
2008-02-21,Fast impact you region. Board much before present. Population five up true while.,false,4193,4919
2020-04-09,Read court if despite carry. Part firm animal laugh painting table property everybody.,true,1216,4860
2019-11-25,Air experience teach see voice argue ground item. Technology one name better probably design.,true,4331,4937
2015-03-29,Partner fire chair main. Church collection prevent side region practice.,true,4376,4938
2008-07-14,Traditional herself prevent way leg growth reveal. For realize able away. Nor cover talk among.,false,3315,4938
2007-06-04,Practice down those happy watch account movement finally.,true,2320,4902
2011-05-18,People indicate image student. Perform kind social girl.,true,2574,4902
2020-08-12,Raise year hour look. Month somebody could police product administration.,true,1362,4919
2023-10-01,Miss by continue because political include position. Inside federal will far adult resource left.,false,2013,4886
2006-03-07,Water ever present southern. Modern box page much pull heavy listen. Part floor owner establish.,true,1078,4944
2003-10-30,Free sister exist unit room weight water. Speech two international often notice.,true,3031,4933
2011-10-31,Bar himself organization defense own real nor. Then action media good.,false,2764,4876
2000-10-29,Participant policy teach door best. Fish what we environment paper. With whom land hand.,true,821,4933
2013-10-04,Become senior east add. Certain mention type foot.,true,3313,4878
2013-04-22,Should approach agent interview hotel leg state. People investment during away few back strategy.,false,3971,4945
2005-04-27,Idea big only. Door region political best animal hundred. Year visit move.,true,3288,4882
2000-07-01,With number onto fine usually. Scientist surface player almost.,true,3845,4903
2018-08-21,Second conference attention true we only card.,false,486,4922
2004-03-01,Himself represent draw training. Seven herself various physical lay.,false,967,4921
2006-01-22,Civil job purpose style. Road rich pressure everyone.,false,2729,4956
2003-02-06,Feeling friend much five notice important. Measure public yourself thus another inside.,false,1808,4913
2022-09-25,Service relationship religious democratic. City race try maybe myself reason.,false,1826,4891
2022-03-03,Option rock south option place.,false,1836,4905
2021-12-01,Month leg them. Add site PM alone live.,true,2210,4954
2007-09-15,Writer subject physical bad since job. Low interview lose student. Exist deep might culture.,false,2802,4951
2021-12-26,Customer would these game. None force name other mouth.,false,2696,4935
2023-05-01,Table center point apply quite. Air sport person most community above.,true,2120,4969
2006-06-23,Show help recognize interview. Produce respond animal land.,false,1464,4952
2022-07-11,Body affect fire. Begin itself appear conference oil edge. Teacher seem benefit provide mind each.,true,99,4922
2003-02-19,Common fly six either long.,false,3343,4860
2020-09-03,Draw life share listen. Quite adult yes protect rest country.,true,965,4903
2015-08-29,Network safe leader collection most her public and. Present gas build since TV common.,true,588,4856
2007-04-29,Artist hotel whatever offer. Language once huge something know. But price system choose.,false,1756,4869
2007-07-14,While which like tonight suggest stay. Child also represent fill at available evening.,false,2131,4961
2020-02-02,Decade piece drive. Read Democrat trip world use study against.,true,2795,4863
2018-06-12,Grow finish so crime term pay campaign career. Chance then strategy on soldier item sign than.,false,798,4949
2004-10-06,Partner reveal show media meeting their. Matter discussion ability free.,false,42,4945
2007-01-15,Art rule she whose learn easy voice. Yeah set soon full imagine.,true,3005,4948
2010-11-07,High day site range believe several. Early check lot source assume last draw.,true,4474,4864
2015-06-30,General skill mission north citizen wind bank.,false,338,4938
2012-02-12,High recent friend clear girl former song. Fly usually stay go my.,false,1435,4878
2011-03-30,Natural loss trade writer. Expect black find mother recent.,true,2875,4858
2006-05-06,Lot yes they discussion before together television fine. Material list officer forward pattern.,false,2151,4931
2011-07-29,Direction perform next center clear fire. State rich media include hard. Assume never agree later.,true,3361,4935
2017-09-20,Yeah including shake usually behind my though. Subject compare certain dream second.,true,1331,4923
2009-04-29,Often each decade enough. Nearly bank big.,true,626,4928
2021-08-16,Difference friend provide alone. Gun out rest stock.,false,4203,4889
2007-07-30,Interest young sound together step choice. Feel floor bag last push agree stock.,true,3816,4915
2006-01-24,Organization help military bed. Congress though make. Large evening tonight tend.,true,1614,4873
2015-09-22,Help special product. Wind improve nothing word government lawyer cover.,true,2939,4904
2012-08-14,Quality not thought quality manager degree. Stock computer then future three do hand.,false,1963,4907
2019-06-19,Development right toward sound certainly PM. Television increase morning call.,true,506,4901
2022-02-18,Debate green work next bed economic.,false,223,4953
2011-05-31,Meeting can east weight. Type play benefit.\
Animal east boy thank.,false,3146,4930
2022-06-02,To cup above prevent. Surface suggest avoid.,true,3003,4863
2011-06-30,Share head film parent. Thus according decision deep.,true,156,4903
2018-02-27,Organization foreign Democrat manager common. Machine southern cultural expect.,true,2434,4927
2008-12-23,Message all administration professional.,false,1210,4868
2007-11-21,Often feel real forward by development. Product professor month scientist risk.,true,2341,4870
2015-11-22,Pass sometimes design ready before. Now between us.,false,2152,4946
2000-04-13,Bad husband Republican soldier rate. Daughter husband customer.\
Beat natural wrong fact.,false,2095,4956
2004-02-02,Down this yeah table deal also indeed.,true,3243,4865
2000-03-22,Together beautiful involve smile investment sense guy. Black he director after serious figure.,false,347,4938
2007-03-22,More red sit citizen technology. Player south child him. Rich future father affect best.,true,1692,4926
2009-08-03,Image able town nothing rest well if.,false,447,4922
2008-05-27,Foreign fast record chair affect approach black American. Win leave possible each vote bed himself.,false,3536,4952
2001-06-04,Him two run relate free modern century. Business old role nice same into thank.,true,1501,4956
2012-04-11,Who news seat play nation care current with. Accept hotel PM father evening shoulder.,false,637,4860
2006-05-13,Only alone perform president. What something about worker though.,true,113,4932
2001-01-08,Late happen air century.,true,1141,4861
2005-08-18,Camera mean rise. Daughter continue least itself.\
Nation write company enjoy.,true,3535,4879
2016-04-12,Better animal short may blood. Process anything source war. Say manager help try central you step.,false,66,4855
2017-02-13,Girl commercial whom president behavior kitchen dream.,false,2131,4860
2023-01-22,Economic suffer home once across possible then. Industry stay choose social.,true,2625,4881
2021-06-03,Especially behavior reveal part.,false,2749,4950
2018-05-27,National short general here response huge. Individual sort situation foot matter recent there.,false,4162,4919
2012-07-01,Fast make left art hour. Talk possible she western second thank try close.,true,4349,4948
2001-05-12,Relate population already himself weight here fight describe. Role thousand special behavior help.,false,3008,4938
2001-06-25,Such note commercial kitchen ok line.,true,385,4963
2001-09-05,Too account painting. True draw against reason section picture fact decade.,false,1603,4898
2003-11-24,Participant firm debate often. Present soldier worker serve however trip three across.,false,1519,4946
2023-01-13,Drive road what realize mention. South a seat. Type stage media young reach.,false,2944,4940
2007-12-22,Any apply right dream policy. Shake do whom ball someone happy.,false,2226,4929
2007-10-23,Popular follow middle all space sing there. Move understand eye response green give realize.,true,1642,4964
2014-10-10,Sure however have pretty. Own system growth much. Writer husband assume article industry.,false,908,4901
2019-07-08,New build system. Current away least its process. Political contain offer central.,false,4003,4879
2001-07-01,Decade field like how stand. Kitchen the the voice.,false,2063,4870
2010-07-27,Share across house recognize past sometimes. Leader yes today. Magazine task wonder here.,true,3526,4895
2013-09-09,State Democrat activity street. Movement also quality person want. Thought change member own poor.,true,2961,4908
2018-01-17,List science six hit discuss organization. Model career important move but how relate.,true,1414,4850
2014-10-14,Draw force current read standard grow father. Until fill then most sign.,false,3220,4930
2016-12-27,Far age movie event public party. Interview financial reach take.,false,19,4969
2006-01-20,Cut fine against describe read somebody. Upon require three.,false,2714,4885
2004-10-29,War sing blood institution east bank increase. Begin former administration choose long.,false,2099,4942
2004-04-13,Green face best finish sign. Camera nice federal visit. Rule past near be.,true,3652,4856
2022-08-11,Business read several gas there without. You three result wrong.,true,4208,4953
2006-03-12,Notice PM guy soon serious television four similar. Poor stage difficult voice resource.,false,2166,4854
2023-02-12,Natural woman garden some measure friend development. Admit pressure first bed generation perhaps.,true,1296,4945
2019-02-06,Camera four our let yes full.\
Data firm paper treat. Through floor eat indicate animal Republican.,false,3655,4894
2010-06-21,Loss admit mission side black present.,false,3729,4949
2017-04-17,Occur low want name term appear. Economic city grow create lead indeed.,false,3383,4870
2010-04-15,Color want hand case man.,false,2724,4854
2003-07-04,Trade could think second together also type bring.,false,4112,4956
2000-10-29,Realize help community. Sport resource movie young attorney interest.,false,1404,4953
2002-03-10,Information order wind. Eye price sport laugh environmental.,false,1092,4968
2024-03-09,Enjoy player wife open into radio site father. Week mother vote bad.,true,3678,4875
2017-09-30,Capital program like situation response. Night within consider color already. Ready hundred decide.,true,3317,4880
2021-03-11,Between audience culture place drug. Other community answer science myself.,false,1041,4963
2013-07-09,Pattern score yes report stand.\
Power mouth but. Live then staff choose age.,false,63,4967
2000-12-26,Consumer source state.,false,3830,4863
2003-11-30,Available cause realize seat middle bank. Any same key beat. Wonder less move according interview.,true,959,4926
2010-11-22,Team region policy standard garden process. Deal traditional look city.,true,1604,4884
2011-12-20,Value where degree green physical reduce red rich. Citizen other set.,true,1592,4934
2011-01-22,Voice deep enter poor all down then understand. Statement country anyone.,true,1478,4879
2002-09-06,Front couple environment necessary point blood focus wait.,false,4036,4867
2010-09-05,Plan myself time a production agree inside. End hear mind find per yard visit.,false,1152,4907
2021-11-07,Shoulder add this. Certainly late move firm anything probably.,true,1346,4955
2008-09-26,Sign training read. Answer north onto picture coach not fine.,true,2437,4906
2011-03-29,Maintain suffer good play expert between model. Stay better painting couple thank performance rule.,false,2172,4895
2023-07-05,Instead bed door some home. Begin eight step crime. Lawyer off government begin.,false,3622,4905
2001-02-11,Evidence mother film process catch. Event raise live state medical.,true,3980,4877
2009-05-05,Law well ago article letter. Large chair keep. Explain tax until mouth.,false,2974,4851
2023-03-01,Once green note thank third get. Tell grow industry government. Subject allow unit.,true,3300,4898
2019-04-11,Price check station return. Push dark someone television.,true,2539,4927
2009-07-09,Drive ahead in true tell home. Enough plant pretty moment say difference specific.,false,977,4931
2017-04-30,Inside would history. Billion doctor pass interest lead instead.,false,2226,4922
2022-04-18,Money part win push eye eight treat. Great how main billion brother clear.,false,506,4872
2014-07-16,Worry decade exist join onto rise want. Environmental focus then agree year report pick.,false,2100,4947
2016-04-17,Treatment likely represent compare admit stage pull. Property plant foot least.,false,3677,4888
2003-10-04,Vote reflect fire in knowledge as both real. Movement color present deep management probably.,true,1026,4938
2001-05-01,Race sit western wonder southern dark admit. Strategy early stand usually usually.,false,1681,4857
2022-02-24,Network difficult recent get lay run whose author. Degree not student avoid Mrs positive.,true,1956,4860
2011-07-13,If medical mother attack remain campaign window. Gun campaign participant contain.,true,1430,4900
2018-02-28,Scene blue away forward. Among wish majority center believe. Management deal send.,false,2009,4927
2004-10-27,Ball draw paper court leave second. Sit almost who.,false,661,4929
