titulo,descripcion,fechaInicio,fechaFin,participantes
Fact Include Car,Determine what response year. Gas edge rock us style could type.,2010-06-12,2006-03-19,2356
Officer Spend Street,Response energy pay when.,2023-03-18,2024-02-10,3302
Take Win Probably,Society ever impact especially mind. Follow career consumer. Identify throw health light go.,2015-12-06,2002-12-12,1128
Use Current Head,Performance name professor account. West we offer draw seek stock north. Today factor story.,2006-09-26,2024-01-23,3167
Look Bed Brother,Stop five young keep.,2010-04-10,2019-06-10,4701
Believe Score World,Certainly article full husband company despite amount. Significant weight thousand likely.,2021-03-28,2015-01-31,3721
Continue Daughter On,Which dark during teach. North subject make send.,2010-05-04,2004-09-02,2894
Decide Yard Option,Forget prove include senior. Mouth attorney usually look floor fear son.,2000-06-06,2012-04-27,2115
Table Course Choice,Term force military long will quality lose. Send movie life inside doctor keep.,2010-11-25,2012-09-10,3826
Film Degree Pay,Knowledge hotel list per. Movement address treat forward same right decide. My draw sense in fire.,2022-12-11,2017-06-15,3577
Fund Benefit Affect,Or eat although. Image growth stop wear health ask wind point.,2013-10-06,2016-07-01,3561
Lot Doctor Move,Skill use need be hear some. Land air Congress nor experience me.,2010-03-01,2013-12-18,3819
Practice Those Matter,Call process also turn foreign to standard. I focus do.,2016-11-19,2012-09-27,1939
Central Trip Affect,Choose study huge establish. Standard white almost interest.,2005-04-01,2023-01-15,223
Skin We Also,Important establish animal fast see network. Address believe personal leg exist entire.,2021-06-01,2004-08-26,4291
Any Health Upon,Lay practice source stand author. Seek young protect.,2004-02-04,2014-02-06,2159
Break Myself Adult,Himself full player town since every factor. Fill popular let wind nation remember.,2013-12-05,2007-06-19,3648
Million Next Yes,Operation military discussion three. Bank any leader edge support south manage.,2010-12-31,2000-01-21,364
Guy College Respond,See visit sign conference until. Student still page.,2000-05-26,2008-09-01,3279
Environment Modern Candidate,Stuff walk get so law power hope. Because impact from lose. Leader remember threat computer agency.,2018-12-31,2021-01-03,4866
We Few Throughout,Mother century already fire reason knowledge. Small recent first strong.,2009-02-22,2010-12-13,4110
Chance Information Once,Learn walk this middle quite north full him. Near tend with care development study.,2001-08-17,2023-04-26,1697
Level Break Audience,Know beat Republican attack later truth green six. Throughout baby quite show.,2012-09-10,2016-09-13,810
Simply Popular Same,Training technology market attention. Bring stock hold buy reason require discussion.,2013-01-08,2005-10-21,1911
Score My Data,Great let attorney stage exist she. Him smile require believe amount pattern Republican.,2001-07-12,2018-01-14,1825
This Actually Must,Set get affect ball clearly.,2003-03-03,2017-09-13,3135
Try Instead Herself,Matter similar college within church while. Still ok science color age.,2016-09-07,2017-09-25,3650
Quite Collection Whose,Theory use sure arm speech personal within game. Effect cell ahead away worry card.,2002-03-08,2019-09-20,4311
Situation You Hour,Cultural product already blue. Here quite song.,2019-12-26,2009-03-06,2912
Through Face Great,Fast since in television yes time read.,2003-12-20,2002-04-08,745
Actually Child Offer,Fish season maybe court course.,2019-11-15,2008-02-15,2162
Happen Either Save,Establish stand throw month. My occur who. Lead become about loss.,2008-10-25,2003-09-13,3720
Cover Report Near,Them fish kid picture southern hour cut claim. Good gun certainly former move week night.,2014-08-02,2021-04-27,3065
Woman Moment Sell,Morning official style send writer. Edge even movie sort sign table education.,2019-05-20,2004-12-22,1637
Thousand Probably Cell,See read decide newspaper. Company class either defense message. Right available play.,2015-04-25,2006-07-04,4648
Daughter Protect Soldier,Race approach summer price. Until student political somebody piece father.,2007-11-01,2016-12-29,3308
Growth Manager Government,"Other me decision campaign forget. Seven try believe bit cell put.
Production view standard.",2003-07-04,2009-10-14,2056
Modern Sign Serious,Theory red southern surface. Away coach only environment fly feeling order play.,2012-09-27,2012-03-23,4532
College Draw Push,Media you quickly television raise lawyer. Bit pull travel.,2006-02-11,2014-04-25,724
Owner Population Situation,High group citizen include population. Sister itself cause least fire.,2007-11-12,2021-11-28,3159
Perform Learn Strong,Describe all machine hour under conference. Audience clear everybody church level reach continue.,2018-05-21,2012-09-08,1640
Accept Easy Need,Wish environment tonight affect similar. Response leader claim this believe structure.,2019-12-12,2003-03-10,3920
Figure Form Blue,"Station federal itself behavior professor blue such.
Future them table.",2015-01-02,2009-01-08,2390
Or Talk Still,While start grow maintain cup manage. Sister teach test goal. May station take.,2013-03-26,2020-12-22,4433
For That Ahead,Key pattern science grow style candidate example. Use involve toward generation what Republican.,2009-04-01,2018-02-26,4717
Movement Particular Sometimes,Seat need he your across north determine. Collection professor tell name.,2017-02-15,2009-10-15,996
Huge Whose Six,South low degree present law.,2015-06-26,2005-05-24,2933
Police Avoid Least,During the region air particular suffer degree. Able sometimes no reflect.,2012-01-10,2002-02-09,3013
Specific South Available,Green its firm model. Right social in after baby fund.,2006-11-22,2010-12-06,3998
Car Increase Government,Tree now lay dream inside hard role ground. Training inside impact character should participant.,2008-02-20,2001-11-09,2476
Blue Game Vote,Trade late cultural middle quality everyone. Until old skin.,2005-04-27,2024-03-31,949
Light Heavy Significant,North couple find local. Most whom foreign her foreign environment ahead.,2018-09-24,2013-10-27,1240
Star Lose Game,Including bar thought. Job make yet child evidence current. Evening green plan ten offer pay.,2005-09-30,2010-06-10,566
Usually Rise Drop,Happen born he. Join report position human nearly.,2011-10-09,2016-08-30,1360
Plant Walk Appear,Nation glass national which we. Challenge serve move too thought prepare believe better.,2019-09-07,2013-09-01,4114
Break President Usually,Opportunity Mrs push. Cost evidence none. Early both interest approach race standard environmental.,2012-04-30,2020-02-05,4197
Nearly Sense To,Meeting than admit detail full. Natural final movie action.,2000-07-26,2020-07-20,3558
Quite Agree Miss,Say able firm force future. Cause sing story.,2009-08-19,2012-09-21,728
That Finally Market,Usually policy whether tell. Positive project because goal artist front.,2011-03-17,2014-04-14,3141
Later Role Face,Ever probably whatever reflect tree. Senior stand pay make style if. Hope possible agency soon.,2003-02-18,2020-09-25,2615
